   be;1
   and;1
   of;1
   a;1
   in;1
   to;1
   have;1
   to;1
   it;1
   I;1
   that;1
   for;1
   you;1
   he;1
   with;1
   on;1
   do;1
   say;1
   this;1
   they;1
   at;1
   but;1
   we;1
   his;1
   from;1
   that;1
   not;1
   n't;1
   n't;1
   she;1
   or;1
   as;1
   what;1
   go;1
   their;1
   can;1
   who;1
   get;1
   if;1
   would;1
   her;1
   all;1
   my;1
   make;1
   about;1
   know;1
   will;1
   as;1
   up;1
   one;1
   time;1
   there;1
   year;1
   so;1
   think;1
   when;1
   which;1
   them;1
   some;1
   me;1
   people;1
   take;1
   out;1
   into;1
   just;1
   see;1
   him;1
   your;1
   come;1
   could;1
   now;1
   than;1
   like;1
   other;1
   how;1
   then;1
   its;1
   our;1
   two;1
   more;1
   these;1
   want;1
   way;1
   look;1
   first;1
   also;1
   new;1
   because;1
   day;1
   more;1
   use;1
   no;1
   man;1
   find;1
   here;1
   thing;1
   give;1
   many;1
   well;1
   only;1
   those;1
   tell;1
   one;1
   very;1
   her;1
   even;1
   back;1
   any;1
   good;1
   woman;1
   through;1
   us;1
   life;1
   child;1
   there;1
   work;1
   down;1
   may;1
   after;1
   should;1
   call;1
   world;1
   over;1
   school;1
   still;1
   try;1
   in;1
   as;1
   last;1
   ask;1
   need;1
   too;1
   feel;1
   three;1
   when;1
   state;1
   never;1
   become;1
   between;1
   high;1
   really;1
   something;1
   most;1
   another;1
   much;1
   family;1
   own;1
   out;1
   leave;1
   put;1
   old;1
   while;1
   mean;1
   on;1
   keep;1
   student;1
   why;1
   let;1
   great;1
   same;1
   big;1
   group;1
   begin;1
   seem;1
   country;1
   help;1
   talk;1
   where;1
   turn;1
   problem;1
   every;1
   start;1
   hand;1
   might;1
   American;1
   show;1
   part;1
   about;1
   against;1
   place;1
   over;1
   such;1
   again;1
   few;1
   case;1
   most;1
   week;1
   company;1
   where;1
   system;1
   each;1
   right;1
   program;1
   hear;1
   so;1
   question;1
   during;1
   work;1
   play;1
   government;1
   run;1
   small;1
   number;1
   off;1
   always;1
   move;1
   like;1
   night;1
   live;1
   Mr;1
   point;1
   believe;1
   hold;1
   today;1
   bring;1
   happen;1
   next;1
   without;1
   before;1
   large;1
   all;1
   million;1
   must;1
   home;1
   under;1
   water;1
   room;1
   write;1
   mother;1
   area;1
   national;1
   money;1
   story;1
   young;1
   fact;1
   month;1
   different;1
   lot;1
   right;1
   study;1
   book;1
   eye;1
   job;1
   word;1
   though;1
   business;1
   issue;1
   side;1
   kind;1
   four;1
   head;1
   far;1
   black;1
   long;1
   both;1
   little;1
   house;1
   yes;1
   after;1
   since;1
   long;1
   provide;1
   service;1
   around;1
   friend;1
   important;1
   father;1
   sit;1
   away;1
   until;1
   power;1
   hour;1
   game;1
   often;1
   yet;1
   line;1
   political;1
   end;1
   among;1
   ever;1
   stand;1
   bad;1
   lose;1
   however;1
   member;1
   pay;1
   law;1
   meet;1
   car;1
   city;1
   almost;1
   include;1
   continue;1
   set;1
   later;1
   community;1
   much;1
   name;1
   five;1
   once;1
   white;1
   least;1
   president;1
   learn;1
   real;1
   change;1
   team;1
   minute;1
   best;1
   several;1
   idea;1
   kid;1
   body;1
   information;1
   nothing;1
   ago;1
   right;1
   lead;1
   social;1
   understand;1
   whether;1
   back;1
   watch;1
   together;1
   follow;1
   around;1
   parent;1
   only;1
   stop;1
   face;1
   anything;1
   create;1
   public;1
   already;1
   speak;1
   others;1
   read;1
   level;1
   allow;1
   add;1
   office;1
   spend;1
   door;1
   health;1
   person;1
   art;1
   sure;1
   such;1
   war;1
   history;1
   party;1
   within;1
   grow;1
   result;1
   open;1
   change;1
   morning;1
   walk;1
   reason;1
   low;1
   win;1
   research;1
   girl;1
   guy;1
   early;1
   food;1
   before;1
   moment;1
   himself;1
   air;1
   teacher;1
   force;1
   offer;1
   enough;1
   both;1
   education;1
   across;1
   although;1
   remember;1
   foot;1
   second;1
   boy;1
   maybe;1
   toward;1
   able;1
   age;1
   off;1
   policy;1
   everything;1
   love;1
   process;1
   music;1
   including;1
   consider;1
   appear;1
   actually;1
   buy;1
   probably;1
   human;1
   wait;1
   serve;1
   market;1
   die;1
   send;1
   expect;1
   home;1
   sense;1
   build;1
   stay;1
   fall;1
   oh;1
   nation;1
   plan;1
   cut;1
   college;1
   interest;1
   death;1
   course;1
   someone;1
   experience;1
   behind;1
   reach;1
   local;1
   kill;1
   six;1
   remain;1
   effect;1
   use;1
   yeah;1
   suggest;1
   class;1
   control;1
   raise;1
   care;1
   perhaps;1
   little;1
   late;1
   hard;1
   field;1
   else;1
   pass;1
   former;1
   sell;1
   major;1
   sometimes;1
   require;1
   along;1
   development;1
   themselves;1
   report;1
   role;1
   better;1
   economic;1
   effort;1
   up;1
   decide;1
   rate;1
   strong;1
   possible;1
   heart;1
   drug;1
   show;1
   leader;1
   light;1
   voice;1
   wife;1
   whole;1
   police;1
   mind;1
   finally;1
   pull;1
   return;1
   free;1
   military;1
   price;1
   report;1
   less;1
   according;1
   decision;1
   explain;1
   son;1
   hope;1
   even;1
   develop;1
   view;1
   relationship;1
   carry;1
   town;1
   road;1
   drive;1
   arm;1
   true;1
   federal;1
   break;1
   better;1
   difference;1
   thank;1
   receive;1
   value;1
   international;1
   building;1
   action;1
   full;1
   model;1
   join;1
   season;1
   society;1
   because;1
   tax;1
   director;1
   early;1
   position;1
   player;1
   agree;1
   especially;1
   record;1
   pick;1
   wear;1
   paper;1
   special;1
   space;1
   ground;1
   form;1
   support;1
   event;1
   official;1
   whose;1
   matter;1
   everyone;1
   center;1
   couple;1
   site;1
   end;1
   project;1
   hit;1
   base;1
   activity;1
   star;1
   table;1
   need;1
   court;1
   produce;1
   eat;1
   American;1
   teach;1
   oil;1
   half;1
   situation;1
   easy;1
   cost;1
   industry;1
   figure;1
   face;1
   street;1
   image;1
   itself;1
   phone;1
   either;1
   data;1
   cover;1
   quite;1
   picture;1
   clear;1
   practice;1
   piece;1
   land;1
   recent;1
   describe;1
   product;1
   doctor;1
   wall;1
   patient;1
   worker;1
   news;1
   test;1
   movie;1
   certain;1
   north;1
   love;1
   personal;1
   open;1
   support;1
   simply;1
   third;1
   technology;1
   catch;1
   step;1
   baby;1
   computer;1
   type;1
   attention;1
   draw;1
   film;1
   Republican;1
   tree;1
   source;1
   red;1
   nearly;1
   organization;1
   choose;1
   cause;1
   hair;1
   look;1
   point;1
   century;1
   evidence;1
   window;1
   difficult;1
   listen;1
   soon;1
   culture;1
   billion;1
   chance;1
   brother;1
   energy;1
   period;1
   course;1
   summer;1
   less;1
   realize;1
   hundred;1
   available;1
   plant;1
   likely;1
   opportunity;1
   term;1
   short;1
   letter;1
   condition;1
   choice;1
   place;1
   single;1
   rule;1
   daughter;1
   administration;1
   south;1
   husband;1
   Congress;1
   floor;1
   campaign;1
   material;1
   population;1
   well;1
   call;1
   economy;1
   medical;1
   hospital;1
   church;1
   close;1
   thousand;1
   risk;1
   current;1
   fire;1
   future;1
   wrong;1
   involve;1
   defense;1
   anyone;1
   increase;1
   security;1
   bank;1
   myself;1
   certainly;1
   west;1
   sport;1
   board;1
   seek;1
   per;1
   subject;1
   officer;1
   private;1
   rest;1
   behavior;1
   deal;1
   performance;1
   fight;1
   throw;1
   top;1
   quickly;1
   past;1
   goal;1
   second;1
   bed;1
   order;1
   author;1
   fill;1
   represent;1
   focus;1
   foreign;1
   drop;1
   plan;1
   blood;1
   upon;1
   agency;1
   push;1
   nature;1
   color;1
   no;1
   recently;1
   store;1
   reduce;1
   sound;1
   note;1
   fine;1
   before;1
   near;1
   movement;1
   page;1
   enter;1
   share;1
   than;1
   common;1
   poor;1
   other;1
   natural;1
   race;1
   concern;1
   series;1
   significant;1
   similar;1
   hot;1
   language;1
   each;1
   usually;1
   response;1
   dead;1
   rise;1
   animal;1
   factor;1
   decade;1
   article;1
   shoot;1
   east;1
   save;1
   seven;1
   artist;1
   away;1
   scene;1
   stock;1
   career;1
   despite;1
   central;1
   eight;1
   thus;1
   treatment;1
   beyond;1
   happy;1
   exactly;1
   protect;1
   approach;1
   lie;1
   size;1
   dog;1
   fund;1
   serious;1
   occur;1
   media;1
   ready;1
   sign;1
   thought;1
   list;1
   individual;1
   simple;1
   quality;1
   pressure;1
   accept;1
   answer;1
   hard;1
   resource;1
   identify;1
   left;1
   meeting;1
   determine;1
   prepare;1
   disease;1
   whatever;1
   success;1
   argue;1
   cup;1
   particularly;1
   amount;1
   ability;1
   staff;1
   recognize;1
   indicate;1
   character;1
   growth;1
   loss;1
   degree;1
   wonder;1
   attack;1
   herself;1
   region;1
   television;1
   box;1
   TV;1
   training;1
   pretty;1
   trade;1
   deal;1
   election;1
   everybody;1
   physical;1
   lay;1
   general;1
   feeling;1
   standard;1
   bill;1
   message;1
   fail;1
   outside;1
   arrive;1
   analysis;1
   benefit;1
   name;1
   sex;1
   forward;1
   lawyer;1
   present;1
   section;1
   environmental;1
   glass;1
   answer;1
   skill;1
   sister;1
   PM;1
   professor;1
   operation;1
   financial;1
   crime;1
   stage;1
   ok;1
   compare;1
   authority;1
   miss;1
   design;1
   sort;1
   one;1
   act;1
   ten;1
   knowledge;1
   gun;1
   station;1
   blue;1
   state;1
   strategy;1
   little;1
   clearly;1
   discuss;1
   indeed;1
   force;1
   truth;1
   song;1
   example;1
   democratic;1
   check;1
   environment;1
   leg;1
   dark;1
   public;1
   various;1
   rather;1
   laugh;1
   guess;1
   executive;1
   set;1
   study;1
   prove;1
   hang;1
   entire;1
   rock;1
   design;1
   enough;1
   forget;1
   since;1
   claim;1
   note;1
   remove;1
   manager;1
   help;1
   close;1
   sound;1
   enjoy;1
   network;1
   legal;1
   religious;1
   cold;1
   form;1
   final;1
   main;1
   science;1
   green;1
   memory;1
   card;1
   above;1
   seat;1
   cell;1
   establish;1
   nice;1
   trial;1
   expert;1
   that;1
   spring;1
   firm;1
   Democrat;1
   radio;1
   visit;1
   management;1
   care;1
   avoid;1
   imagine;1
   tonight;1
   huge;1
   ball;1
   no;1
   close;1
   finish;1
   yourself;1
   talk;1
   theory;1
   impact;1
   respond;1
   statement;1
   maintain;1
   charge;1
   popular;1
   traditional;1
   onto;1
   reveal;1
   direction;1
   weapon;1
   employee;1
   cultural;1
   contain;1
   peace;1
   head;1
   control;1
   base;1
   pain;1
   apply;1
   play;1
   measure;1
   wide;1
   shake;1
   fly;1
   interview;1
   manage;1
   chair;1
   fish;1
   particular;1
   camera;1
   structure;1
   politics;1
   perform;1
   bit;1
   weight;1
   suddenly;1
   discover;1
   candidate;1
   top;1
   production;1
   treat;1
   trip;1
   evening;1
   affect;1
   inside;1
   conference;1
   unit;1
   best;1
   style;1
   adult;1
   worry;1
   range;1
   mention;1
   rather;1
   far;1
   deep;1
   past;1
   edge;1
   individual;1
   specific;1
   writer;1
   trouble;1
   necessary;1
   throughout;1
   challenge;1
   fear;1
   shoulder;1
   institution;1
   middle;1
   sea;1
   dream;1
   bar;1
   beautiful;1
   property;1
   instead;1
   improve;1
   stuff;1
   detail;1
   method;1
   sign;1
   somebody;1
   magazine;1
   hotel;1
   soldier;1
   reflect;1
   heavy;1
   sexual;1
   cause;1
   bag;1
   heat;1
   fall;1
   marriage;1
   tough;1
   sing;1
   surface;1
   purpose;1
   exist;1
   pattern;1
   whom;1
   skin;1
   agent;1
   owner;1
   machine;1
   gas;1
   down;1
   ahead;1
   generation;1
   commercial;1
   address;1
   cancer;1
   test;1
   item;1
   reality;1
   coach;1
   step;1
   Mrs;1
   yard;1
   beat;1
   violence;1
   total;1
   tend;1
   investment;1
   discussion;1
   finger;1
   garden;1
   notice;1
   collection;1
   modern;1
   task;1
   partner;1
   positive;1
   civil;1
   kitchen;1
   consumer;1
   shot;1
   budget;1
   wish;1
   painting;1
   scientist;1
   safe;1
   agreement;1
   capital;1
   mouth;1
   nor;1
   victim;1
   newspaper;1
   instead;1
   threat;1
   responsibility;1
   smile;1
   attorney;1
   score;1
   account;1
   interesting;1
   break;1
   audience;1
   rich;1
   dinner;1
   figure;1
   vote;1
   western;1
   relate;1
   travel;1
   debate;1
   prevent;1
   citizen;1
   majority;1
   none;1
   front;1
   born;1
   admit;1
   senior;1
   assume;1
   wind;1
   key;1
   professional;1
   mission;1
   fast;1
   alone;1
   customer;1
   suffer;1
   speech;1
   successful;1
   option;1
   participant;1
   southern;1
   fresh;1
   eventually;1
   no;1
   forest;1
   video;1
   global;1
   Senate;1
   reform;1
   access;1
   restaurant;1
   judge;1
   publish;1
   cost;1
   relation;1
   like;1
   release;1
   own;1
   bird;1
   opinion;1
   credit;1
   critical;1
   corner;1
   concerned;1
   recall;1
   version;1
   stare;1
   safety;1
   effective;1
   neighborhood;1
   original;1
   act;1
   troop;1
   income;1
   directly;1
   hurt;1
   species;1
   immediately;1
   track;1
   basic;1
   strike;1
   hope;1
   sky;1
   freedom;1
   absolutely;1
   plane;1
   nobody;1
   achieve;1
   object;1
   attitude;1
   labor;1
   refer;1
   concept;1
   client;1
   powerful;1
   perfect;1
   nine;1
   therefore;1
   conduct;1
   announce;1
   conversation;1
   examine;1
   touch;1
   please;1
   attend;1
   completely;1
   vote;1
   variety;1
   sleep;1
   turn;1
   involved;1
   investigation;1
   nuclear;1
   researcher;1
   press;1
   conflict;1
   spirit;1
   experience;1
   replace;1
   British;1
   encourage;1
   lot;1
   lot;1
   lot;1
   lot;1
   argument;1
   by;1
   once;1
   camp;1
   brain;1
   feature;1
   afternoon;1
   AM;1
   weekend;1
   dozen;1
   possibility;1
   along;1
   insurance;1
   department;1
   battle;1
   beginning;1
   date;1
   generally;1
   African;1
   very;1
   sorry;1
   crisis;1
   complete;1
   fan;1
   stick;1
   define;1
   easily;1
   through;1
   hole;1
   element;1
   vision;1
   status;1
   normal;1
   Chinese;1
   ship;1
   solution;1
   stone;1
   slowly;1
   scale;1
   bit;1
   university;1
   introduce;1
   driver;1
   attempt;1
   park;1
   spot;1
   lack;1
   ice;1
   boat;1
   drink;1
   sun;1
   front;1
   distance;1
   wood;1
   handle;1
   truck;1
   return;1
   mountain;1
   survey;1
   supposed;1
   tradition;1
   winter;1
   village;1
   Soviet;1
   refuse;1
   sales;1
   roll;1
   communication;1
   run;1
   screen;1
   gain;1
   resident;1
   hide;1
   gold;1
   club;1
   future;1
   farm;1
   potential;1
   increase;1
   middle;1
   European;1
   presence;1
   independent;1
   district;1
   shape;1
   reader;1
   Ms;1
   contract;1
   crowd;1
   Christian;1
   express;1
   apartment;1
   willing;1
   strength;1
   previous;1
   band;1
   obviously;1
   horse;1
   interested;1
   target;1
   prison;1
   ride;1
   guard;1
   terms;1
   demand;1
   reporter;1
   deliver;1
   text;1
   share;1
   tool;1
   wild;1
   vehicle;1
   observe;1
   flight;1
   inside;1
   facility;1
   understanding;1
   average;1
   emerge;1
   advantage;1
   quick;1
   light;1
   leadership;1
   earn;1
   pound;1
   basis;1
   bright;1
   operate;1
   guest;1
   sample;1
   contribute;1
   tiny;1
   block;1
   protection;1
   settle;1
   feed;1
   collect;1
   additional;1
   while;1
   highly;1
   identity;1
   title;1
   mostly;1
   lesson;1
   faith;1
   river;1
   promote;1
   living;1
   present;1
   count;1
   unless;1
   marry;1
   tomorrow;1
   technique;1
   path;1
   ear;1
   shop;1
   folk;1
   order;1
   principle;1
   survive;1
   lift;1
   border;1
   competition;1
   jump;1
   gather;1
   limit;1
   fit;1
   claim;1
   cry;1
   equipment;1
   worth;1
   associate;1
   critic;1
   warm;1
   aspect;1
   result;1
   insist;1
   failure;1
   annual;1
   French;1
   Christmas;1
   comment;1
   responsible;1
   affair;1
   approach;1
   until;1
   procedure;1
   regular;1
   spread;1
   chairman;1
   baseball;1
   soft;1
   ignore;1
   egg;1
   measure;1
   belief;1
   demonstrate;1
   anybody;1
   murder;1
   gift;1
   religion;1
   review;1
   editor;1
   past;1
   engage;1
   coffee;1
   document;1
   speed;1
   cross;1
   influence;1
   anyway;1
   threaten;1
   commit;1
   female;1
   youth;1
   wave;1
   move;1
   afraid;1
   quarter;1
   background;1
   native;1
   broad;1
   wonderful;1
   deny;1
   apparently;1
   slightly;1
   reaction;1
   twice;1
   suit;1
   perspective;1
   growing;1
   blow;1
   construction;1
   kind;1
   intelligence;1
   destroy;1
   cook;1
   connection;1
   charge;1
   burn;1
   shoe;1
   view;1
   grade;1
   context;1
   committee;1
   hey;1
   mistake;1
   focus;1
   smile;1
   location;1
   clothes;1
   Indian;1
   quiet;1
   dress;1
   promise;1
   aware;1
   neighbor;1
   complete;1
   drive;1
   function;1
   bone;1
   active;1
   extend;1
   chief;1
   average;1
   combine;1
   wine;1
   below;1
   cool;1
   voter;1
   mean;1
   demand;1
   learning;1
   bus;1
   hell;1
   dangerous;1
   remind;1
   moral;1
   United;1
   category;1
   relatively;1
   victory;1
   key;1
   academic;1
   visit;1
   Internet;1
   healthy;1
   fire;1
   negative;1
   following;1
   historical;1
   medicine;1
   tour;1
   depend;1
   photo;1
   finding;1
   grab;1
   direct;1
   classroom;1
   contact;1
   justice;1
   participate;1
   daily;1
   fair;1
   pair;1
   famous;1
   exercise;1
   knee;1
   flower;1
   tape;1
   hire;1
   familiar;1
   appropriate;1
   supply;1
   fully;1
   cut;1
   will;1
   actor;1
   birth;1
   search;1
   tie;1
   democracy;1
   eastern;1
   primary;1
   yesterday;1
   circle;1
   device;1
   progress;1
   next;1
   front;1
   bottom;1
   island;1
   exchange;1
   clean;1
   studio;1
   train;1
   lady;1
   colleague;1
   application;1
   neck;1
   lean;1
   damage;1
   plastic;1
   tall;1
   plate;1
   hate;1
   otherwise;1
   writing;1
   press;1
   male;1
   start;1
   alive;1
   expression;1
   football;1
   intend;1
   attack;1
   chicken;1
   army;1
   abuse;1
   theater;1
   shut;1
   map;1
   extra;1
   session;1
   danger;1
   welcome;1
   domestic;1
   lots;1
   literature;1
   rain;1
   desire;1
   assessment;1
   injury;1
   respect;1
   northern;1
   nod;1
   paint;1
   fuel;1
   leaf;1
   direct;1
   dry;1
   Russian;1
   instruction;1
   fight;1
   pool;1
   climb;1
   sweet;1
   lead;1
   engine;1
   fourth;1
   salt;1
   expand;1
   importance;1
   metal;1
   fat;1
   ticket;1
   software;1
   disappear;1
   corporate;1
   strange;1
   lip;1
   reading;1
   urban;1
   mental;1
   increasingly;1
   lunch;1
   educational;1
   somewhere;1
   farmer;1
   above;1
   sugar;1
   planet;1
   favorite;1
   explore;1
   obtain;1
   enemy;1
   greatest;1
   complex;1
   surround;1
   athlete;1
   invite;1
   repeat;1
   carefully;1
   soul;1
   scientific;1
   impossible;1
   panel;1
   meaning;1
   mom;1
   married;1
   alone;1
   instrument;1
   predict;1
   weather;1
   presidential;1
   emotional;1
   commitment;1
   Supreme;1
   bear;1
   pocket;1
   thin;1
   temperature;1
   surprise;1
   poll;1
   proposal;1
   consequence;1
   half;1
   breath;1
   sight;1
   cover;1
   balance;1
   adopt;1
   minority;1
   straight;1
   attempt;1
   connect;1
   works;1
   teaching;1
   belong;1
   aid;1
   advice;1
   okay;1
   photograph;1
   empty;1
   regional;1
   trail;1
   novel;1
   code;1
   somehow;1
   organize;1
   jury;1
   breast;1
   Iraqi;1
   human;1
   acknowledge;1
   theme;1
   storm;1
   union;1
   record;1
   desk;1
   fear;1
   thanks;1
   fruit;1
   under;1
   expensive;1
   yellow;1
   conclusion;1
   prime;1
   shadow;1
   struggle;1
   conclude;1
   analyst;1
   dance;1
   limit;1
   like;1
   regulation;1
   being;1
   last;1
   ring;1
   largely;1
   shift;1
   revenue;1
   mark;1
   locate;1
   county;1
   appearance;1
   package;1
   difficulty;1
   bridge;1
   recommend;1
   obvious;1
   train;1
   basically;1
   e-mail;1
   generate;1
   anymore;1
   propose;1
   thinking;1
   possibly;1
   trend;1
   visitor;1
   loan;1
   currently;1
   comfortable;1
   investor;1
   but;1
   profit;1
   angry;1
   crew;1
   deep;1
   accident;1
   male;1
   meal;1
   hearing;1
   traffic;1
   muscle;1
   notion;1
   capture;1
   prefer;1
   truly;1
   earth;1
   Japanese;1
   chest;1
   search;1
   thick;1
   cash;1
   museum;1
   beauty;1
   emergency;1
   unique;1
   feature;1
   internal;1
   ethnic;1
   link;1
   stress;1
   content;1
   select;1
   root;1
   nose;1
   declare;1
   outside;1
   appreciate;1
   actual;1
   bottle;1
   hardly;1
   setting;1
   launch;1
   dress;1
   file;1
   sick;1
   outcome;1
   ad;1
   defend;1
   matter;1
   judge;1
   duty;1
   sheet;1
   ought;1
   ensure;1
   Catholic;1
   extremely;1
   extent;1
   component;1
   mix;1
   long-term;1
   slow;1
   contrast;1
   zone;1
   wake;1
   challenge;1
   airport;1
   chief;1
   brown;1
   standard;1
   shirt;1
   pilot;1
   warn;1
   ultimately;1
   cat;1
   contribution;1
   capacity;1
   ourselves;1
   estate;1
   guide;1
   circumstance;1
   snow;1
   English;1
   politician;1
   steal;1
   pursue;1
   slip;1
   percentage;1
   meat;1
   funny;1
   neither;1
   soil;1
   influence;1
   surgery;1
   correct;1
   Jewish;1
   blame;1
   estimate;1
   due;1
   basketball;1
   late;1
   golf;1
   investigate;1
   crazy;1
   significantly;1
   chain;1
   address;1
   branch;1
   combination;1
   just;1
   frequently;1
   governor;1
   relief;1
   user;1
   dad;1
   kick;1
   part;1
   manner;1
   ancient;1
   silence;1
   rating;1
   golden;1
   motion;1
   German;1
   gender;1
   solve;1
   fee;1
   landscape;1
   used;1
   bowl;1
   equal;1
   long;1
   official;1
   forth;1
   frame;1
   typical;1
   except;1
   conservative;1
   eliminate;1
   host;1
   hall;1
   trust;1
   ocean;1
   score;1
   row;1
   producer;1
   afford;1
   meanwhile;1
   regime;1
   division;1
   confirm;1
   fix;1
   appeal;1
   mirror;1
   tooth;1
   smart;1
   length;1
   entirely;1
   rely;1
   topic;1
   complain;1
   issue;1
   variable;1
   back;1
   range;1
   telephone;1
   perception;1
   attract;1
   confidence;1
   bedroom;1
   secret;1
   debt;1
   rare;1
   his;1
   tank;1
   nurse;1
   coverage;1
   opposition;1
   aside;1
   anywhere;1
   bond;1
   file;1
   pleasure;1
   master;1
   era;1
   requirement;1
   check;1
   stand;1
   fun;1
   expectation;1
   wing;1
   separate;1
   now;1
   clear;1
   struggle;1
   mean;1
   somewhat;1
   pour;1
   stir;1
   judgment;1
   clean;1
   except;1
   beer;1
   English;1
   reference;1
   tear;1
   doubt;1
   grant;1
   seriously;1
   account;1
   minister;1
   totally;1
   hero;1
   industrial;1
   cloud;1
   stretch;1
   winner;1
   volume;1
   travel;1
   seed;1
   surprised;1
   rest;1
   fashion;1
   pepper;1
   separate;1
   busy;1
   intervention;1
   copy;1
   tip;1
   below;1
   cheap;1
   aim;1
   cite;1
   welfare;1
   vegetable;1
   gray;1
   dish;1
   beach;1
   improvement;1
   everywhere;1
   opening;1
   overall;1
   divide;1
   initial;1
   terrible;1
   oppose;1
   contemporary;1
   route;1
   multiple;1
   essential;1
   question;1
   league;1
   criminal;1
   careful;1
   core;1
   upper;1
   rush;1
   necessarily;1
   specifically;1
   tired;1
   rise;1
   tie;1
   employ;1
   holiday;1
   dance;1
   vast;1
   resolution;1
   household;1
   fewer;1
   abortion;1
   apart;1
   witness;1
   match;1
   barely;1
   sector;1
   representative;1
   lack;1
   beneath;1
   beside;1
   black;1
   incident;1
   limited;1
   proud;1
   flow;1
   faculty;1
   increased;1
   waste;1
   merely;1
   mass;1
   emphasize;1
   experiment;1
   definitely;1
   bomb;1
   enormous;1
   tone;1
   liberal;1
   massive;1
   engineer;1
   wheel;1
   female;1
   decline;1
   invest;1
   promise;1
   cable;1
   towards;1
   expose;1
   rural;1
   AIDS;1
   Jew;1
   narrow;1
   cream;1
   secretary;1
   gate;1
   solid;1
   hill;1
   typically;1
   noise;1
   grass;1
   unfortunately;1
   hat;1
   legislation;1
   succeed;1
   either;1
   celebrate;1
   achievement;1
   fishing;1
   drink;1
   accuse;1
   hand;1
   useful;1
   land;1
   secret;1
   reject;1
   talent;1
   taste;1
   characteristic;1
   milk;1
   escape;1
   cast;1
   sentence;1
   unusual;1
   closely;1
   convince;1
   height;1
   physician;1
   assess;1
   sleep;1
   plenty;1
   ride;1
   virtually;1
   first;1
   addition;1
   sharp;1
   creative;1
   lower;1
   behind;1
   approve;1
   explanation;1
   outside;1
   gay;1
   campus;1
   proper;1
   live;1
   guilty;1
   living;1
   acquire;1
   compete;1
   technical;1
   plus;1
   mind;1
   potential;1
   immigrant;1
   weak;1
   illegal;1
   hi;1
   alternative;1
   interaction;1
   column;1
   personality;1
   signal;1
   curriculum;1
   list;1
   honor;1
   passenger;1
   assistance;1
   forever;1
   fun;1
   regard;1
   Israeli;1
   association;1
   twenty;1
   knock;1
   review;1
   wrap;1
   lab;1
   offer;1
   display;1
   criticism;1
   asset;1
   depression;1
   spiritual;1
   musical;1
   journalist;1
   prayer;1
   suspect;1
   scholar;1
   warning;1
   climate;1
   cheese;1
   observation;1
   childhood;1
   payment;1
   sir;1
   permit;1
   cigarette;1
   definition;1
   priority;1
   bread;1
   creation;1
   graduate;1
   request;1
   emotion;1
   scream;1
   dramatic;1
   universe;1
   gap;1
   excellent;1
   deeply;1
   prosecutor;1
   mark;1
   green;1
   lucky;1
   drag;1
   airline;1
   library;1
   agenda;1
   recover;1
   factory;1
   selection;1
   primarily;1
   roof;1
   unable;1
   expense;1
   initiative;1
   diet;1
   arrest;1
   funding;1
   therapy;1
   wash;1
   schedule;1
   sad;1
   brief;1
   housing;1
   post;1
   purchase;1
   existing;1
   dark;1
   steel;1
   regarding;1
   shout;1
   remaining;1
   visual;1
   fairly;1
   chip;1
   violent;1
   silent;1
   suppose;1
   self;1
   bike;1
   tea;1
   perceive;1
   comparison;1
   settlement;1
   layer;1
   planning;1
   far;1
   description;1
   later;1
   slow;1
   slide;1
   widely;1
   wedding;1
   inform;1
   portion;1
   territory;1
   immediate;1
   opponent;1
   abandon;1
   link;1
   mass;1
   lake;1
   transform;1
   tension;1
   display;1
   leading;1
   bother;1
   consist;1
   alcohol;1
   enable;1
   bend;1
   saving;1
   gain;1
   desert;1
   shall;1
   error;1
   release;1
   cop;1
   Arab;1
   double;1
   walk;1
   sand;1
   Spanish;1
   rule;1
   hit;1
   print;1
   preserve;1
   passage;1
   formal;1
   transition;1
   existence;1
   album;1
   participation;1
   arrange;1
   atmosphere;1
   joint;1
   reply;1
   cycle;1
   opposite;1
   lock;1
   whole;1
   deserve;1
   consistent;1
   resistance;1
   discovery;1
   tear;1
   exposure;1
   pose;1
   stream;1
   sale;1
   trust;1
   benefit;1
   pot;1
   grand;1
   mine;1
   hello;1
   coalition;1
   tale;1
   knife;1
   resolve;1
   racial;1
   phase;1
   present;1
   joke;1
   coat;1
   Mexican;1
   symptom;1
   contact;1
   manufacturer;1
   philosophy;1
   potato;1
   interview;1
   foundation;1
   quote;1
   online;1
   pass;1
   negotiation;1
   good;1
   urge;1
   occasion;1
   dust;1
   breathe;1
   elect;1
   investigator;1
   jacket;1
   glad;1
   ordinary;1
   reduction;1
   rarely;1
   shift;1
   pack;1
   suicide;1
   numerous;1
   touch;1
   substance;1
   discipline;1
   elsewhere;1
   iron;1
   practical;1
   moreover;1
   passion;1
   volunteer;1
   implement;1
   essentially;1
   gene;1
   enforcement;1
   vs;1
   sauce;1
   independence;1
   marketing;1
   priest;1
   amazing;1
   intense;1
   advance;1
   employer;1
   shock;1
   inspire;1
   adjust;1
   retire;1
   sure;1
   visible;1
   kiss;1
   illness;1
   cap;1
   habit;1
   competitive;1
   juice;1
   congressional;1
   involvement;1
   dominate;1
   previously;1
   whenever;1
   transfer;1
   analyze;1
   another;1
   attach;1
   for;1
   Indian;1
   disaster;1
   parking;1
   prospect;1
   boss;1
   complaint;1
   championship;1
   coach;1
   exercise;1
   fundamental;1
   severe;1
   enhance;1
   mystery;1
   impose;1
   poverty;1
   other;1
   entry;1
   fat;1
   spending;1
   king;1
   evaluate;1
   symbol;1
   still;1
   trade;1
   maker;1
   mood;1
   accomplish;1
   emphasis;1
   illustrate;1
   boot;1
   monitor;1
   Asian;1
   entertainment;1
   bean;1
   evaluation;1
   creature;1
   commander;1
   digital;1
   arrangement;1
   concentrate;1
   total;1
   usual;1
   anger;1
   psychological;1
   heavily;1
   peak;1
   approximately;1
   increasing;1
   disorder;1
   missile;1
   equally;1
   vary;1
   wire;1
   round;1
   distribution;1
   transportation;1
   holy;1
   ring;1
   twin;1
   command;1
   commission;1
   interpretation;1
   breakfast;1
   stop;1
   strongly;1
   engineering;1
   luck;1
   so-called;1
   constant;1
   race;1
   clinic;1
   veteran;1
   smell;1
   tablespoon;1
   capable;1
   nervous;1
   tourist;1
   light;1
   toss;1
   crucial;1
   bury;1
   pray;1
   tomato;1
   exception;1
   butter;1
   deficit;1
   bathroom;1
   objective;1
   block;1
   electronic;1
   ally;1
   journey;1
   reputation;1
   mixture;1
   surely;1
   tower;1
   smoke;1
   confront;1
   pure;1
   glance;1
   dimension;1
   toy;1
   prisoner;1
   fellow;1
   smooth;1
   nearby;1
   peer;1
   designer;1
   personnel;1
   shape;1
   educator;1
   relative;1
   immigration;1
   belt;1
   teaspoon;1
   birthday;1
   implication;1
   perfectly;1
   coast;1
   supporter;1
   accompany;1
   silver;1
   teenager;1
   recognition;1
   retirement;1
   flag;1
   recovery;1
   whisper;1
   watch;1
   gentleman;1
   corn;1
   moon;1
   inner;1
   junior;1
   rather;1
   throat;1
   salary;1
   swing;1
   observer;1
   due;1
   straight;1
   publication;1
   pretty;1
   crop;1
   dig;1
   strike;1
   permanent;1
   plant;1
   phenomenon;1
   anxiety;1
   unlike;1
   wet;1
   literally;1
   resist;1
   convention;1
   embrace;1
   supply;1
   assist;1
   exhibition;1
   construct;1
   viewer;1
   pan;1
   consultant;1
   soon;1
   line;1
   administrator;1
   date;1
   occasionally;1
   mayor;1
   consideration;1
   CEO;1
   secure;1
   pink;1
   smoke;1
   estimate;1
   buck;1
   historic;1
   poem;1
   grandmother;1
   bind;1
   fifth;1
   constantly;1
   enterprise;1
   favor;1
   testing;1
   stomach;1
   apparent;1
   weigh;1
   install;1
   sensitive;1
   suggestion;1
   mail;1
   recipe;1
   reasonable;1
   preparation;1
   wooden;1
   elementary;1
   concert;1
   aggressive;1
   false;1
   intention;1
   channel;1
   extreme;1
   tube;1
   drawing;1
   protein;1
   quit;1
   absence;1
   roll;1
   Latin;1
   rapidly;1
   jail;1
   comment;1
   diversity;1
   honest;1
   Palestinian;1
   pace;1
   employment;1
   speaker;1
   impression;1
   essay;1
   respondent;1
   giant;1
   cake;1
   historian;1
   negotiate;1
   restore;1
   substantial;1
   pop;1
   particular;1
   specialist;1
   origin;1
   approval;1
   mine;1
   quietly;1
   advise;1
   conventional;1
   drop;1
   count;1
   depth;1
   wealth;1
   disability;1
   shell;1
   general;1
   criticize;1
   fast;1
   professional;1
   effectively;1
   biological;1
   pack;1
   onion;1
   deputy;1
   flat;1
   brand;1
   assure;1
   mad;1
   award;1
   criteria;1
   dealer;1
   via;1
   alternative;1
   utility;1
   precisely;1
   arise;1
   armed;1
   nevertheless;1
   highway;1
   clinical;1
   routine;1
   schedule;1
   wage;1
   normally;1
   phrase;1
   ingredient;1
   stake;1
   Muslim;1
   dream;1
   fiber;1
   activist;1
   Islamic;1
   snap;1
   terrorism;1
   refugee;1
   incorporate;1
   hip;1
   ultimate;1
   switch;1
   corporation;1
   valuable;1
   assumption;1
   gear;1
   graduate;1
   barrier;1
   minor;1
   provision;1
   killer;1
   assign;1
   gang;1
   developing;1
   classic;1
   chemical;1
   wave;1
   label;1
   teen;1
   index;1
   vacation;1
   advocate;1
   draft;1
   extraordinary;1
   heaven;1
   rough;1
   yell;1
   pregnant;1
   distant;1
   drama;1
   satellite;1
   personally;1
   wonder;1
   clock;1
   chocolate;1
   Italian;1
   Canadian;1
   ceiling;1
   sweep;1
   advertising;1
   universal;1
   spin;1
   house;1
   button;1
   bell;1
   rank;1
   darkness;1
   ahead;1
   clothing;1
   super;1
   yield;1
   fence;1
   portrait;1
   paint;1
   survival;1
   roughly;1
   lawsuit;1
   bottom;1
   testimony;1
   bunch;1
   beat;1
   wind;1
   found;1
   burden;1
   react;1
   chamber;1
   furniture;1
   cooperation;1
   string;1
   ceremony;1
   communicate;1
   taste;1
   cheek;1
   lost;1
   profile;1
   mechanism;1
   disagree;1
   like;1
   penalty;1
   match;1
   ie;1
   advance;1
   resort;1
   destruction;1
   bear;1
   unlikely;1
   tissue;1
   constitutional;1
   pant;1
   stranger;1
   infection;1
   cabinet;1
   broken;1
   apple;1
   electric;1
   proceed;1
   track;1
   bet;1
   literary;1
   virus;1
   stupid;1
   dispute;1
   fortune;1
   strategic;1
   assistant;1
   overcome;1
   remarkable;1
   occupy;1
   statistics;1
   shopping;1
   cousin;1
   encounter;1
   wipe;1
   initially;1
   blind;1
   white;1
   port;1
   honor;1
   electricity;1
   genetic;1
   adviser;1
   pay;1
   spokesman;1
   retain;1
   latter;1
   incentive;1
   slave;1
   chemical;1
   translate;1
   accurate;1
   whereas;1
   terror;1
   though;1
   expansion;1
   elite;1
   Olympic;1
   dirt;1
   odd;1
   rice;1
   bullet;1
   tight;1
   Bible;1
   chart;1
   solar;1
   decline;1
   conservative;1
   process;1
   square;1
   stick;1
   concentration;1
   complicated;1
   gently;1
   champion;1
   scenario;1
   telescope;1
   reflection;1
   revolution;1
   strip;1
   interpret;1
   friendly;1
   tournament;1
   fiction;1
   detect;1
   balance;1
   likely;1
   tremendous;1
   lifetime;1
   recommendation;1
   flow;1
   senator;1
   market;1
   hunting;1
   salad;1
   guarantee;1
   innocent;1
   boundary;1
   pause;1
   remote;1
   satisfaction;1
   journal;1
   bench;1
   lover;1
   raw;1
   awareness;1
   surprising;1
   withdraw;1
   general;1
   deck;1
   similarly;1
   newly;1
   pole;1
   testify;1
   mode;1
   dialogue;1
   imply;1
   naturally;1
   mutual;1
   founder;1
   top;1
   advanced;1
   pride;1
   dismiss;1
   aircraft;1
   delivery;1
   mainly;1
   bake;1
   freeze;1
   platform;1
   finance;1
   sink;1
   attractive;1
   respect;1
   diverse;1
   relevant;1
   ideal;1
   joy;1
   worth;1
   regularly;1
   working;1
   singer;1
   evolve;1
   shooting;1
   partly;1
   unknown;1
   assistant;1
   offense;1
   counter;1
   DNA;1
   smell;1
   potentially;1
   transfer;1
   thirty;1
   justify;1
   protest;1
   crash;1
   craft;1
   treaty;1
   terrorist;1
   insight;1
   possess;1
   politically;1
   tap;1
   lie;1
   extensive;1
   episode;1
   double;1
   swim;1
   tire;1
   fault;1
   loose;1
   free;1
   shortly;1
   originally;1
   considerable;1
   prior;1
   intellectual;1
   mix;1
   assault;1
   relax;1
   stair;1
   adventure;1
   external;1
   proof;1
   confident;1
   headquarters;1
   sudden;1
   dirty;1
   violation;1
   tongue;1
   license;1
   hold;1
   shelter;1
   rub;1
   controversy;1
   entrance;1
   favorite;1
   practice;1
   properly;1
   fade;1
   defensive;1
   tragedy;1
   net;1
   characterize;1
   funeral;1
   profession;1
   alter;1
   spot;1
   constitute;1
   establishment;1
   squeeze;1
   imagination;1
   target;1
   mask;1
   convert;1
   comprehensive;1
   prominent;1
   presentation;1
   regardless;1
   easy;1
   load;1
   stable;1
   introduction;1
   appeal;1
   pretend;1
   not;1
   elderly;1
   representation;1
   deer;1
   split;1
   violate;1
   partnership;1
   pollution;1
   emission;1
   steady;1
   vital;1
   neither;1
   fate;1
   earnings;1
   oven;1
   distinction;1
   segment;1
   nowhere;1
   poet;1
   mere;1
   exciting;1
   variation;1
   comfort;1
   radical;1
   stress;1
   adapt;1
   Irish;1
   honey;1
   correspondent;1
   pale;1
   musician;1
   significance;1
   load;1
   round;1
   vessel;1
   storage;1
   flee;1
   mm-hmm;1
   leather;1
   distribute;1
   evolution;1
   ill;1
   tribe;1
   shelf;1
   can;1
   grandfather;1
   lawn;1
   buyer;1
   dining;1
   wisdom;1
   council;1
   vulnerable;1
   instance;1
   garlic;1
   capability;1
   poetry;1
   celebrity;1
   gradually;1
   stability;1
   doubt;1
   fantasy;1
   scared;1
   guide;1
   plot;1
   framework;1
   gesture;1
   depending;1
   ongoing;1
   psychology;1
   since;1
   counselor;1
   witness;1
   chapter;1
   fellow;1
   divorce;1
   owe;1
   pipe;1
   athletic;1
   slight;1
   math;1
   shade;1
   tail;1
   sustain;1
   mount;1
   obligation;1
   angle;1
   palm;1
   differ;1
   custom;1
   store;1
   economist;1
   fifteen;1
   soup;1
   celebration;1
   efficient;1
   damage;1
   composition;1
   satisfy;1
   pile;1
   briefly;1
   carbon;1
   closer;1
   consume;1
   scheme;1
   crack;1
   frequency;1
   tobacco;1
   survivor;1
   besides;1
   in;1
   psychologist;1
   wealthy;1
   galaxy;1
   given;1
   fund;1
   ski;1
   limitation;1
   OK;1
   trace;1
   appointment;1
   preference;1
   meter;1
   explosion;1
   arrest;1
   publicly;1
   incredible;1
   fighter;1
   rapid;1
   admission;1
   hunter;1
   educate;1
   painful;1
   friendship;1
   aide;1
   infant;1
   calculate;1
   fifty;1
   rid;1
   porch;1
   tendency;1
   uniform;1
   formation;1
   scholarship;1
   reservation;1
   efficiency;1
   waste;1
   qualify;1
   mall;1
   derive;1
   scandal;1
   PC;1
   helpful;1
   impress;1
   heel;1
   resemble;1
   privacy;1
   fabric;1
   surprise;1
   contest;1
   proportion;1
   guideline;1
   rifle;1
   maintenance;1
   conviction;1
   trick;1
   organic;1
   tent;1
   examination;1
   publisher;1
   strengthen;1
   French;1
   proposed;1
   myth;1
   sophisticated;1
   cow;1
   etc;1
   standing;1
   asleep;1
   tennis;1
   nerve;1
   barrel;1
   bombing;1
   membership;1
   ratio;1
   menu;1
   purchase;1
   controversial;1
   desperate;1
   rate;1
   lifestyle;1
   humor;1
   loud;1
   glove;1
   suspect;1
   sufficient;1
   narrative;1
   photographer;1
   helicopter;1
   Catholic;1
   modest;1
   provider;1
   delay;1
   agricultural;1
   explode;1
   stroke;1
   scope;1
   punishment;1
   handful;1
   badly;1
   horizon;1
   curious;1
   downtown;1
   girlfriend;1
   prompt;1
   request;1
   cholesterol;1
   absorb;1
   adjustment;1
   taxpayer;1
   eager;1
   principal;1
   detailed;1
   motivation;1
   assignment;1
   restriction;1
   across;1
   Palestinian;1
   laboratory;1
   workshop;1
   differently;1
   auto;1
   romantic;1
   cotton;1
   motor;1
   sue;1
   flavor;1
   overlook;1
   float;1
   undergo;1
   sequence;1
   demonstration;1
   jet;1
   orange;1
   consumption;1
   assert;1
   blade;1
   temporary;1
   medication;1
   print;1
   cabin;1
   bite;1
   relative;1
   edition;1
   valley;1
   yours;1
   pitch;1
   pine;1
   brilliant;1
   versus;1
   manufacturing;1
   risk;1
   Christian;1
   complex;1
   absolute;1
   chef;1
   discrimination;1
   offensive;1
   German;1
   suit;1
   boom;1
   register;1
   appoint;1
   heritage;1
   God;1
   terrorist;1
   dominant;1
   successfully;1
   shit;1
   lemon;1
   hungry;1
   sense;1
   dry;1
   wander;1
   submit;1
   economics;1
   naked;1
   anticipate;1
   nut;1
   legacy;1
   extension;1
   shrug;1
   fly;1
   battery;1
   arrival;1
   legitimate;1
   orientation;1
   inflation;1
   cope;1
   flame;1
   cluster;1
   host;1
   wound;1
   dependent;1
   shower;1
   institutional;1
   depict;1
   operating;1
   flesh;1
   garage;1
   operator;1
   instructor;1
   collapse;1
   borrow;1
   furthermore;1
   comedy;1
   mortgage;1
   sanction;1
   civilian;1
   twelve;1
   weekly;1
   habitat;1
   grain;1
   brush;1
   consciousness;1
   devote;1
   crack;1
   measurement;1
   province;1
   ease;1
   seize;1
   ethics;1
   nomination;1
   permission;1
   wise;1
   actress;1
   summit;1
   acid;1
   odds;1
   gifted;1
   frustration;1
   medium;1
   function;1
   physically;1
   grant;1
   distinguish;1
   shore;1
   repeatedly;1
   lung;1
   firm;1
   running;1
   correct;1
   distinct;1
   artistic;1
   discourse;1
   basket;1
   ah;1
   fighting;1
   impressive;1
   competitor;1
   ugly;1
   worried;1
   portray;1
   powder;1
   ghost;1
   persuade;1
   moderate;1
   subsequent;1
   continued;1
   cookie;1
   carrier;1
   cooking;1
   frequent;1
   ban;1
   swing;1
   orange;1
   awful;1
   admire;1
   pet;1
   miracle;1
   exceed;1
   rhythm;1
   widespread;1
   killing;1
   lovely;1
   sin;1
   charity;1
   script;1
   tactic;1
   identification;1
   transformation;1
   everyday;1
   headline;1
   crash;1
   venture;1
   invasion;1
   military;1
   nonetheless;1
   adequate;1
   piano;1
   grocery;1
   intensity;1
   exhibit;1
   high;1
   blanket;1
   margin;1
   principal;1
   quarterback;1
   mouse;1
   rope;1
   concrete;1
   prescription;1
   African-American;1
   chase;1
   document;1
   brick;1
   recruit;1
   patch;1
   consensus;1
   horror;1
   recording;1
   changing;1
   painter;1
   colonial;1
   pie;1
   sake;1
   gaze;1
   courage;1
   pregnancy;1
   swear;1
   defeat;1
   clue;1
   reinforce;1
   win;1
   confusion;1
   slice;1
   occupation;1
   dear;1
   coal;1
   sacred;1
   criminal;1
   formula;1
   cognitive;1
   collective;1
   exact;1
   uncle;1
   square;1
   captain;1
   sigh;1
   attribute;1
   dare;1
   okay;1
   homeless;1
   cool;1
   gallery;1
   soccer;1
   defendant;1
   tunnel;1
   fitness;1
   lap;1
   grave;1
   toe;1
   container;1
   virtue;1
   abroad;1
   architect;1
   dramatically;1
   makeup;1
   inquiry;1
   rose;1
   surprisingly;1
   highlight;1
   decrease;1
   indication;1
   rail;1
   anniversary;1
   couch;1
   alliance;1
   hypothesis;1
   boyfriend;1
   compose;1
   peer;1
   mess;1
   rank;1
   legend;1
   regulate;1
   adolescent;1
   shine;1
   norm;1
   upset;1
   remark;1
   resign;1
   reward;1
   gentle;1
   related;1
   organ;1
   lightly;1
   concerning;1
   invent;1
   laughter;1
   fit;1
   northwest;1
   counseling;1
   tight;1
   receiver;1
   ritual;1
   insect;1
   interrupt;1
   salmon;1
   favor;1
   trading;1
   concern;1
   magic;1
   superior;1
   combat;1
   stem;1
   surgeon;1
   acceptable;1
   physics;1
   rape;1
   counsel;1
   brush;1
   jeans;1
   hunt;1
   continuous;1
   log;1
   echo;1
   pill;1
   excited;1
   sculpture;1
   compound;1
   integrate;1
   flour;1
   bitter;1
   bare;1
   slope;1
   rent;1
   presidency;1
   serving;1
   subtle;1
   greatly;1
   bishop;1
   drinking;1
   delay;1
   cry;1
   acceptance;1
   collapse;1
   shop;1
   pump;1
   candy;1
   evil;1
   final;1
   finance;1
   pleased;1
   medal;1
   beg;1
   sponsor;1
   ethical;1
   secondary;1
   slam;1
   export;1
   experimental;1
   melt;1
   midnight;1
   net;1
   curve;1
   integrity;1
   entitle;1
   evident;1
   logic;1
   essence;1
   park;1
   exclude;1
   harsh;1
   closet;1
   suburban;1
   greet;1
   favor;1
   interior;1
   corridor;1
   murder;1
   retail;1
   pitcher;1
   march;1
   snake;1
   pitch;1
   excuse;1
   cross;1
   weakness;1
   pig;1
   cold;1
   classical;1
   estimated;1
   T-shirt;1
   online;1
   unemployment;1
   civilization;1
   fold;1
   patient;1
   pop;1
   daily;1
   reverse;1
   missing;1
   correlation;1
   humanity;1
   flash;1
   developer;1
   reliable;1
   excitement;1
   beef;1
   Islam;1
   Roman;1
   stretch;1
   architecture;1
   occasional;1
   administrative;1
   elbow;1
   deadly;1
   Muslim;1
   Hispanic;1
   allegation;1
   tip;1
   confuse;1
   airplane;1
   monthly;1
   duck;1
   dose;1
   Korean;1
   plead;1
   initiate;1
   lecture;1
   van;1
   sixth;1
   bay;1
   mainstream;1
   suburb;1
   sandwich;1
   unlike;1
   trunk;1
   rumor;1
   implementation;1
   swallow;1
   motivate;1
   render;1
   longtime;1
   trap;1
   restrict;1
   cloth;1
   seemingly;1
   legislative;1
   effectiveness;1
   enforce;1
   lens;1
   reach;1
   inspector;1
   lend;1
   plain;1
   fraud;1
   companion;1
   contend;1
   nail;1
   array;1
   strict;1
   assemble;1
   frankly;1
   rat;1
   burst;1
   hallway;1
   cave;1
   inevitable;1
   southwest;1
   monster;1
   speed;1
   protest;1
   unexpected;1
   obstacle;1
   facilitate;1
   encounter;1
   rip;1
   herb;1
   overwhelming;1
   integration;1
   crystal;1
   recession;1
   wish;1
   top;1
   written;1
   motive;1
   label;1
   flood;1
   pen;1
   ownership;1
   nightmare;1
   notice;1
   inspection;1
   supervisor;1
   consult;1
   arena;1
   laugh;1
   diagnosis;1
   possession;1
   forgive;1
   warm;1
   consistently;1
   basement;1
   project;1
   drift;1
   drain;1
   last;1
   prosecution;1
   maximum;1
   announcement;1
   warrior;1
   prediction;1
   bacteria;1
   questionnaire;1
   mud;1
   infrastructure;1
   hurry;1
   privilege;1
   temple;1
   medium;1
   outdoor;1
   suck;1
   and/or;1
   broadcast;1
   re;1
   leap;1
   random;1
   past;1
   wrist;1
   curtain;1
   monitor;1
   pond;1
   domain;1
   guilt;1
   cattle;1
   subject;1
   walking;1
   playoff;1
   minimum;1
   fiscal;1
   skirt;1
   dump;1
   hence;1
   database;1
   uncomfortable;1
   aim;1
   execute;1
   limb;1
   ideology;1
   average;1
   welcome;1
   tune;1
   continuing;1
   harm;1
   railroad;1
   endure;1
   radiation;1
   horn;1
   chronic;1
   peaceful;1
   innovation;1
   strain;1
   guitar;1
   replacement;1
   behave;1
   administer;1
   simultaneously;1
   dancer;1
   amendment;1
   guard;1
   pad;1
   transmission;1
   await;1
   retired;1
   trigger;1
   spill;1
   grateful;1
   grace;1
   virtual;1
   response;1
   colony;1
   adoption;1
   slide;1
   indigenous;1
   closed;1
   convict;1
   civilian;1
   towel;1
   modify;1
   particle;1
   award;1
   glance;1
   prize;1
   landing;1
   conduct;1
   blue;1
   boost;1
   bat;1
   alarm;1
   festival;1
   grip;1
   weird;1
   undermine;1
   freshman;1
   sweat;1
   outer;1
   European;1
   drunk;1
   survey;1
   research;1
   separation;1
   traditionally;1
   stuff;1
   govern;1
   southeast;1
   intelligent;1
   wherever;1
   ballot;1
   rhetoric;1
   convinced;1
   driving;1
   vitamin;1
   enthusiasm;1
   accommodate;1
   praise;1
   injure;1
   wilderness;1
   nearby;1
   endless;1
   mandate;1
   pause;1
   excuse;1
   respectively;1
   uncertainty;1
   chaos;1
   short;1
   mechanical;1
   canvas;1
   forty;1
   matter;1
   lobby;1
   profound;1
   format;1
   trait;1
   currency;1
   turkey;1
   reserve;1
   beam;1
   abuse;1
   astronomer;1
   corruption;1
   contractor;1
   apologize;1
   doctrine;1
   genuine;1
   thumb;1
   unity;1
   compromise;1
   horrible;1
   behavioral;1
   exclusive;1
   scatter;1
   commonly;1
   convey;1
   rush;1
   twist;1
   complexity;1
   fork;1
   disk;1
   relieve;1
   suspicion;1
   lock;1
   finish;1
   health-care;1
   health-care;1
   health-care;1
   health-care;1
   residence;1
   shame;1
   meaningful;1
   sidewalk;1
   Olympics;1
   technological;1
   signature;1
   pleasant;1
   wow;1
   suspend;1
   rebel;1
   frozen;1
   desire;1
   spouse;1
   fluid;1
   pension;1
   resume;1
   theoretical;1
   sodium;1
   blow;1
   promotion;1
   delicate;1
   forehead;1
   rebuild;1
   bounce;1
   electrical;1
   hook;1
   detective;1
   traveler;1
   click;1
   compensation;1
   signal;1
   exit;1
   attraction;1
   dedicate;1
   altogether;1
   pickup;1
   carve;1
   needle;1
   belly;1
   ship;1
   scare;1
   portfolio;1
   shuttle;1
   invisible;1
   timing;1
   engagement;1
   ankle;1
   transaction;1
   rescue;1
   counterpart;1
   historically;1
   firmly;1
   mild;1
   rider;1
   doll;1
   noon;1
   exhibit;1
   amid;1
   identical;1
   precise;1
   anxious;1
   structural;1
   residential;1
   loud;1
   diagnose;1
   carbohydrate;1
   liberty;1
   poster;1
   theology;1
   nonprofit;1
   crawl;1
   oxygen;1
   handsome;1
   magic;1
   sum;1
   provided;1
   businessman;1
   promising;1
   conscious;1
   determination;1
   donor;1
   hers;1
   pastor;1
   jazz;1
   opera;1
   Japanese;1
   bite;1
   frame;1
   evil;1
   acquisition;1
   pit;1
   hug;1
   wildlife;1
   punish;1
   giant;1
   primary;1
   equity;1
   wrong;1
   doorway;1
   departure;1
   elevator;1
   teenage;1
   guidance;1
   happiness;1
   statue;1
   pursuit;1
   repair;1
   decent;1
   gym;1
   oral;1
   clerk;1
   Israeli;1
   envelope;1
   reporting;1
   destination;1
   fist;1
   endorse;1
   exploration;1
   generous;1
   bath;1
   rescue;1
   thereby;1
   overall;1
   indicator;1
   sunlight;1
   feedback;1
   spectrum;1
   purple;1
   laser;1
   bold;1
   reluctant;1
   starting;1
   expertise;1
   practically;1
   program;1
   picture;1
   tune;1
   eating;1
   age;1
   volunteer;1
   hint;1
   sharply;1
   parade;1
   advocate;1
   realm;1
   ban;1
   strip;1
   cancel;1
   blend;1
   therapist;1
   slice;1
   peel;1
   pizza;1
   recipient;1
   hesitate;1
   flip;1
   accounting;1
   debate;1
   bias;1
   huh;1
   metaphor;1
   candle;1
   handle;1
   worry;1
   judicial;1
   entity;1
   suffering;1
   full-time;1
   feel;1
   lamp;1
   garbage;1
   servant;1
   addition;1
   regulatory;1
   diplomatic;1
   elegant;1
   inside;1
   reception;1
   vanish;1
   automatically;1
   chin;1
   trail;1
   necessity;1
   confess;1
   racism;1
   starter;1
   interior;1
   banking;1
   casual;1
   gravity;1
   enroll;1
   diminish;1
   prevention;1
   Arab;1
   value;1
   minimize;1
   chop;1
   performer;1
   intent;1
   isolate;1
   pump;1
   inventory;1
   productive;1
   assembly;1
   civic;1
   silk;1
   magnitude;1
   steep;1
   hostage;1
   collector;1
   popularity;1
   kiss;1
   alien;1
   dynamic;1
   scary;1
   equation;1
   angel;1
   switch;1
   offering;1
   rage;1
   photography;1
   repair;1
   toilet;1
   disappointed;1
   precious;1
   prohibit;1
   representative;1
   content;1
   realistic;1
   Russian;1
   hidden;1
   command;1
   tender;1
   wake;1
   gathering;1
   outstanding;1
   stumble;1
   lonely;1
   automobile;1
   artificial;1
   dawn;1
   abstract;1
   descend;1
   silly;1
   hook;1
   tide;1
   shared;1
   hopefully;1
   readily;1
   cooperate;1
   revolutionary;1
   romance;1
   hardware;1
   pillow;1
   kit;1
   cook;1
   spread;1
   continent;1
   seal;1
   circuit;1
   sink;1
   ruling;1
   shortage;1
   annually;1
   lately;1
   trap;1
   scan;1
   fool;1
   deadline;1
   rear;1
   processing;1
   ranch;1
   coastal;1
   undertake;1
   softly;1
   reserve;1
   burning;1
   verbal;1
   tribal;1
   ridiculous;1
   automatic;1
   diamond;1
   credibility;1
   import;1
   sexually;1
   spring;1
   way;1
   divine;1
   sentiment;1
   cart;1
   oversee;1
   stem;1
   o'clock;1
   elder;1
   o'clock;1
   o'clock;1
   o'clock;1
   pro;1
   inspiration;1
   Dutch;1
   quantity;1
   trailer;1
   mate;1
   o'clock;1
   Greek;1
   genius;1
   monument;1
   bid;1
   quest;1
   sacrifice;1
   invitation;1
   accuracy;1
   juror;1
   officially;1
   broker;1
   treasure;1
   loyalty;1
   credit;1
   shock;1
   talented;1
   gasoline;1
   stiff;1
   output;1
   nominee;1
   extended;1
   please;1
   diabetes;1
   slap;1
   toxic;1
   alleged;1
   jaw;1
   grief;1
   mysterious;1
   rocket;1
   donate;1
   inmate;1
   tackle;1
   dynamics;1
   bow;1
   ours;1
   senior;1
   dignity;1
   carpet;1
   parental;1
   bubble;1
   heat;1
   buddy;1
   barn;1
   sword;1
   flash;1
   seventh;1
   glory;1
   tightly;1
   protective;1
   tuck;1
   drum;1
   faint;1
   post;1
   queen;1
   dilemma;1
   input;1
   specialize;1
   northeast;1
   shallow;1
   liability;1
   sail;1
   merchant;1
   stadium;1
   improved;1
   bloody;1
   defeat;1
   associated;1
   withdrawal;1
   refrigerator;1
   nest;1
   near;1
   thoroughly;1
   lane;1
   ancestor;1
   condemn;1
   steam;1
   accent;1
   escape;1
   optimistic;1
   unite;1
   cage;1
   equip;1
   shrimp;1
   homeland;1
   exchange;1
   rack;1
   costume;1
   wolf;1
   courtroom;1
   statute;1
   cartoon;1
   besides;1
   productivity;1
   grin;1
   symbolic;1
   seal;1
   bug;1
   bless;1
   aunt;1
   agriculture;1
   rock;1
   hostile;1
   root;1
   hay;1
   combined;1
   instantly;1
   bankruptcy;1
   vaccine;1
   bonus;1
   collaboration;1
   mixed;1
   opposed;1
   orbit;1
   grasp;1
   patience;1
   spite;1
   tropical;1
   voting;1
   patrol;1
   willingness;1
   position;1
   revelation;1
   rent;1
   calm;1
   jewelry;1
   Cuban;1
   haul;1
   concede;1
   trace;1
   wagon;1
   afterward;1
   spectacular;1
   ruin;1
   sheer;1
   prior;1
   immune;1
   reliability;1
   ass;1
   alongside;1
   bush;1
   exotic;1
   fascinating;1
   secure;1
   clip;1
   thigh;1
   bull;1
   drawer;1
   regard;1
   sheep;1
   discourage;1
   coordinator;1
   ideological;1
   runner;1
   secular;1
   intimate;1
   empire;1
   cab;1
   divorce;1
   exam;1
   documentary;1
   neutral;1
   biology;1
   flexible;1
   progressive;1
   web;1
   conspiracy;1
   catch;1
   casualty;1
   republic;1
   execution;1
   terrific;1
   whale;1
   functional;1
   star;1
   draft;1
   instinct;1
   teammate;1
   aluminum;1
   whoever;1
   ministry;1
   verdict;1
   instruct;1
   skull;1
   self-esteem;1
   ease;1
   cooperative;1
   manipulate;1
   bee;1
   practitioner;1
   loop;1
   edit;1
   whip;1
   puzzle;1
   mushroom;1
   subsidy;1
   boil;1
   tragic;1
   mathematics;1
   mechanic;1
   jar;1
   respect;1
   earthquake;1
   pork;1
   creativity;1
   safely;1
   underlying;1
   dessert;1
   sympathy;1
   fisherman;1
   incredibly;1
   isolation;1
   sock;1
   near;1
   jump;1
   eleven;1
   sexy;1
   entrepreneur;1
   syndrome;1
   bureau;1
   seat;1
   workplace;1
   ambition;1
   touchdown;1
   utilize;1
   breeze;1
   costly;1
   ambitious;1
   Christianity;1
   presumably;1
   influential;1
   translation;1
   uncertain;1
   dissolve;1
   object;1
   statistical;1
   gut;1
   metropolitan;1
   rolling;1
   aesthetic;1
   spell;1
   insert;1
   booth;1
   helmet;1
   waist;1
   expected;1
   lion;1
   accomplishment;1
   royal;1
   panic;1
   cast;1
   crush;1
   actively;1
   cliff;1
   minimal;1
   cord;1
   fortunately;1
   cocaine;1
   illusion;1
   anonymous;1
   tolerate;1
   appreciation;1
   commissioner;1
   harm;1
   flexibility;1
   instructional;1
   scramble;1
   casino;1
   tumor;1
   decorate;1
   sort;1
   charge;1
   pulse;1
   equivalent;1
   fixed;1
   experienced;1
   donation;1
   diary;1
   sibling;1
   irony;1
   spoon;1
   midst;1
   alley;1
   upset;1
   interact;1
   soap;1
   cute;1
   rival;1
   short-term;1
   punch;1
   pin;1
   hockey;1
   passing;1
   persist;1
   supplier;1
   known;1
   momentum;1
   purse;1
   shed;1
   liquid;1
   icon;1
   elephant;1
   consequently;1
   legislature;1
   associate;1
   franchise;1
   correctly;1
   mentally;1
   foster;1
   bicycle;1
   encouraging;1
   cheat;1
   access;1
   heal;1
   fever;1
   filter;1
   rabbit;1
   coin;1
   exploit;1
   accessible;1
   organism;1
   sensation;1
   partially;1
   stay;1
   upstairs;1
   dried;1
   minimum;1
   pro;1
   conservation;1
   shove;1
   backyard;1
   charter;1
   stove;1
   consent;1
   comprise;1
   reminder;1
   alike;1
   placement;1
   dough;1
   grandchild;1
   dam;1
   reportedly;1
   well-known;1
   surrounding;1
   ecological;1
   outfit;1
   unprecedented;1
   columnist;1
   workout;1
   preliminary;1
   patent;1
   shy;1
   quote;1
   trash;1
   disabled;1
   gross;1
   damn;1
   hormone;1
   texture;1
   counter;1
   pencil;1
   associate;1
   frontier;1
   spray;1
   bet;1
   disclose;1
   custody;1
   banker;1
   beast;1
   interfere;1
   oak;1
   case;1
   eighth;1
   notebook;1
   outline;1
   gaze;1
   attendance;1
   speculation;1
   uncover;1
   behalf;1
   innovative;1
   shark;1
   reward;1
   mill;1
   installation;1
   stimulate;1
   tag;1
   vertical;1
   swimming;1
   fleet;1
   catalog;1
   outsider;1
   sacrifice;1
   desperately;1
   stance;1
   compel;1
   sensitivity;1
   someday;1
   instant;1
   debut;1
   proclaim;1
   worldwide;1
   hike;1
   required;1
   confrontation;1
   colorful;1
   ideal;1
   constitution;1
   trainer;1
   Thanksgiving;1
   scent;1
   stack;1
   eyebrow;1
   sack;1
   cease;1
   inherit;1
   tray;1
   pioneer;1
   organizational;1
   textbook;1
   uh;1
   nasty;1
   shrink;1
   model;1
   emerging;1
   dot;1
   wheat;1
   fierce;1
   envision;1
   rational;1
   kingdom;1
   aisle;1
   weaken;1
   protocol;1
   exclusively;1
   vocal;1
   marketplace;1
   openly;1
   unfair;1
   terrain;1
   deploy;1
   risky;1
   pasta;1
   genre;1
   distract;1
   merit;1
   planner;1
   depressed;1
   chunk;1
   closest;1
   discount;1
   no;1
   ladder;1
   jungle;1
   migration;1
   breathing;1
   invade;1
   hurricane;1
   retailer;1
   classify;1
   wound;1
   coup;1
   aid;1
   ambassador;1
   density;1
   supportive;1
   curiosity;1
   skip;1
   aggression;1
   stimulus;1
   journalism;1
   robot;1
   flood;1
   dip;1
   likewise;1
   informal;1
   Persian;1
   feather;1
   sphere;1
   tighten;1
   boast;1
   pat;1
   perceived;1
   sole;1
   publicity;1
   major;1
   unfold;1
   joke;1
   well-being;1
   validity;1
   ecosystem;1
   strictly;1
   partial;1
   collar;1
   weed;1
   compliance;1
   streak;1
   supposedly;1
   added;1
   builder;1
   glimpse;1
   premise;1
   specialty;1
   deem;1
   artifact;1
   sneak;1
   monkey;1
   mentor;1
   two-thirds;1
   listener;1
   lightning;1
   legally;1
   sleeve;1
   disappointment;1
   disturb;1
   rib;1
   excessive;1
   high-tech;1
   debris;1
   pile;1
   rod;1
   logical;1
   liberal;1
   ash;1
   socially;1
   parish;1
   slavery;1
   blank;1
   commodity;1
   cure;1
   mineral;1
   hunger;1
   dying;1
   developmental;1
   faster;1
   spare;1
   halfway;1
   cure;1
   equality;1
   cemetery;1
   harassment;1
   deliberately;1
   fame;1
   regret;1
   striking;1
   likelihood;1
   carrot;1
   atop;1
   toll;1
   rim;1
   embarrassed;1
   fucking;1
   cling;1
   isolated;1
   blink;1
   suspicious;1
   wheelchair;1
   squad;1
   eligible;1
   processor;1
   plunge;1
   this;1
   sponsor;1
   grin;1
   color;1
   demographic;1
   rain;1
   chill;1
   refuge;1
   steer;1
   legislator;1
   rally;1
   programming;1
   cheer;1
   outlet;1
   intact;1
   vendor;1
   thrive;1
   peanut;1
   chew;1
   elaborate;1
   intellectual;1
   conception;1
   auction;1
   steak;1
   comply;1
   triumph;1
   shareholder;1
   comparable;1
   transport;1
   conscience;1
   calculation;1
   considerably;1
   interval;1
   scratch;1
   awake;1
   jurisdiction;1
   inevitably;1
   feminist;1
   constraint;1
   emotionally;1
   expedition;1
   allegedly;1
   compromise;1
   strain;1
   similarity;1
   butt;1
   lid;1
   dumb;1
   bulk;1
   sprinkle;1
   mortality;1
   philosophical;1
   conversion;1
   patron;1
   municipal;1
   any;1
   liver;1
   harmony;1
   solely;1
   tolerance;1
   instant;1
   goat;1
   arm;1
   blessing;1
   banana;1
   running;1
   palace;1
   formerly;1
   peasant;1
   neat;1
   grandparent;1
   lawmaker;1
   supermarket;1
   cruise;1
   mobile;1
   plain;1
   part;1
   calendar;1
   widow;1
   deposit;1
   beard;1
   brake;1
   downtown;1
   screening;1
   impulse;1
   forbid;1
   fur;1
   brutal;1
   predator;1
   poke;1
   opt;1
   voluntary;1
   trouble;1
   valid;1
   forum;1
   dancing;1
   happily;1
   soar;1
   removal;1
   autonomy;1
   enact;1
   round;1
   thread;1
   light;1
   landmark;1
   unhappy;1
   offender;1
   coming;1
   privately;1
   fraction;1
   distinctive;1
   tourism;1
   threshold;1
   calm;1
   routinely;1
   suite;1
   remark;1
   regulator;1
   straw;1
   theological;1
   apart;1
   exhaust;1
   globe;1
   fragile;1
   objection;1
   chemistry;1
   old-fashioned;1
   crowded;1
   circle;1
   blast;1
   prevail;1
   overnight;1
   denial;1
   rental;1
   fantastic;1
   fragment;1
   level;1
   screw;1
   warmth;1
   undergraduate;1
   liquid;1
   headache;1
   policeman;1
   yield;1
   projection;1
   battle;1
   suitable;1
   mention;1
   graduation;1
   drill;1
   cruel;1
   mansion;1
   regard;1
   grape;1
   authorize;1
   cottage;1
   driveway;1
   charm;1
   sexuality;1
   loyal;1
   clay;1
   pound;1
   balloon;1
   invention;1
   ego;1
   fare;1
   homework;1
   disc;1
   sofa;1
   guarantee;1
   availability;1
   radar;1
   frown;1
   regain;1
   leave;1
   permit;1
   sweater;1
   rehabilitation;1
   rubber;1
   retreat;1
   molecule;1
   freely;1
   favorable;1
   steadily;1
   veteran;1
   integrated;1
   ha;1
   youngster;1
   broadcast;1
   premium;1
   accountability;1
   overwhelm;1
   one-third;1
   contemplate;1
   update;1
   spark;1
   ironically;1
   fatigue;1
   beyond;1
   speculate;1
   marker;1
   low;1
   preach;1
   bucket;1
   bomb;1
   blond;1
   confession;1
   provoke;1
   marble;1
   substantially;1
   twist;1
   defender;1
   fish;1
   explicit;1
   transport;1
   disturbing;1
   surveillance;1
   magnetic;1
   technician;1
   mutter;1
   devastating;1
   depart;1
   arrow;1
   trauma;1
   neighboring;1
   soak;1
   ribbon;1
   meantime;1
   transmit;1
   screen;1
   harvest;1
   consecutive;1
   republican;1
   coordinate;1
   worldwide;1
   within;1
   spy;1
   slot;1
   riot;1
   nutrient;1
   citizenship;1
   severely;1
   sovereignty;1
   ridge;1
   brave;1
   lighting;1
   specify;1
   contributor;1
   frustrate;1
   crowd;1
   articulate;1
   importantly;1
   transit;1
   dense;1
   seminar;1
   electronics;1
   sunny;1
   shorts;1
   swell;1
   accusation;1
   soften;1
   photograph;1
   straighten;1
   terribly;1
   cue;1
   sudden;1
   bride;1
   biography;1
   hazard;1
   compelling;1
   seldom;1
   tile;1
   economically;1
   honestly;1
   troubled;1
   bow;1
   twentieth;1
   balanced;1
   foreigner;1
   launch;1
   convenience;1
   delight;1
   weave;1
   timber;1
   till;1
   accurately;1
   plea;1
   bulb;1
   copy;1
   flying;1
   sustainable;1
   devil;1
   bolt;1
   cargo;1
   spine;1
   seller;1
   skilled;1
   managing;1
   public;1
   marine;1
   dock;1
   organized;1
   fog;1
   diplomat;1
   boring;1
   sometime;1
   summary;1
   missionary;1
   epidemic;1
   fatal;1
   trim;1
   warehouse;1
   accelerate;1
   butterfly;1
   bronze;1
   drown;1
   inherent;1
   praise;1
   nationwide;1
   spit;1
   harvest;1
   kneel;1
   vacuum;1
   selected;1
   dictate;1
   stereotype;1
   sensor;1
   laundry;1
   manual;1
   pistol;1
   naval;1
   plaintiff;1
   immigrant;1
   kid;1
   middle-class;1
   apology;1
   till;1