a;1
abandon;1
ability;1
able;1
abortion;1
about;1
above;1
abroad;1
absence;1
absolute;1
absolutely;1
absorb;1
abstract;1
abuse;1
academic;1
accelerate;1
accent;1
accept;1
acceptable;1
acceptance;1
access;1
accessible;1
accident;1
accommodate;1
accompany;1
accomplish;1
accomplishment;1
according;1
account;1
accountability;1
accounting;1
accuracy;1
accurate;1
accurately;1
accusation;1
accuse;1
achieve;1
achievement;1
acid;1
acknowledge;1
acquire;1
acquisition;1
across;1
act;1
action;1
active;1
actively;1
activist;1
activity;1
actor;1
actress;1
actual;1
actually;1
ad;1
adapt;1
add;1
added;1
addition;1
additional;1
address;1
adequate;1
adjust;1
adjustment;1
administer;1
administration;1
administrative;1
administrator;1
admire;1
admission;1
admit;1
adolescent;1
adopt;1
adoption;1
adult;1
advance;1
advanced;1
advantage;1
adventure;1
advertising;1
advice;1
advise;1
adviser;1
advocate;1
aesthetic;1
affair;1
affect;1
afford;1
afraid;1
African;1
African-American;1
after;1
afternoon;1
afterward;1
again;1
against;1
age;1
agency;1
agenda;1
agent;1
aggression;1
aggressive;1
ago;1
agree;1
agreement;1
agricultural;1
agriculture;1
ah;1
ahead;1
aid;1
aide;1
AIDS;1
aim;1
air;1
aircraft;1
airline;1
airplane;1
airport;1
aisle;1
alarm;1
album;1
alcohol;1
alien;1
alike;1
alive;1
all;1
allegation;1
alleged;1
allegedly;1
alley;1
alliance;1
allow;1
ally;1
almost;1
alone;1
along;1
alongside;1
already;1
also;1
alter;1
alternative;1
although;1
altogether;1
aluminum;1
always;1
AM;1
amazing;1
ambassador;1
ambition;1
ambitious;1
amendment;1
American;1
amid;1
among;1
amount;1
analysis;1
analyst;1
analyze;1
ancestor;1
ancient;1
and;1
and/or;1
angel;1
anger;1
angle;1
angry;1
animal;1
ankle;1
anniversary;1
announce;1
announcement;1
annual;1
annually;1
anonymous;1
another;1
answer;1
anticipate;1
anxiety;1
anxious;1
any;1
anybody;1
anymore;1
anyone;1
anything;1
anyway;1
anywhere;1
apart;1
apartment;1
apologize;1
apology;1
apparent;1
apparently;1
appeal;1
appear;1
appearance;1
apple;1
application;1
apply;1
appoint;1
appointment;1
appreciate;1
appreciation;1
approach;1
appropriate;1
approval;1
approve;1
approximately;1
Arab;1
architect;1
architecture;1
area;1
arena;1
argue;1
argument;1
arise;1
arm;1
armed;1
army;1
around;1
arrange;1
arrangement;1
array;1
arrest;1
arrival;1
arrive;1
arrow;1
art;1
article;1
articulate;1
artifact;1
artificial;1
artist;1
artistic;1
as;1
ash;1
Asian;1
aside;1
ask;1
asleep;1
aspect;1
ass;1
assault;1
assemble;1
assembly;1
assert;1
assess;1
assessment;1
asset;1
assign;1
assignment;1
assist;1
assistance;1
assistant;1
associate;1
associated;1
association;1
assume;1
assumption;1
assure;1
astronomer;1
at;1
athlete;1
athletic;1
atmosphere;1
atop;1
attach;1
attack;1
attempt;1
attend;1
attendance;1
attention;1
attitude;1
attorney;1
attract;1
attraction;1
attractive;1
attribute;1
auction;1
audience;1
aunt;1
author;1
authority;1
authorize;1
auto;1
automatic;1
automatically;1
automobile;1
autonomy;1
availability;1
available;1
average;1
avoid;1
await;1
awake;1
award;1
aware;1
awareness;1
away;1
awful;1
baby;1
back;1
background;1
backyard;1
bacteria;1
bad;1
badly;1
bag;1
bake;1
balance;1
balanced;1
ball;1
balloon;1
ballot;1
ban;1
banana;1
band;1
bank;1
banker;1
banking;1
bankruptcy;1
bar;1
bare;1
barely;1
barn;1
barrel;1
barrier;1
base;1
baseball;1
basement;1
basic;1
basically;1
basis;1
basket;1
basketball;1
bat;1
bath;1
bathroom;1
battery;1
battle;1
bay;1
be;1
beach;1
beam;1
bean;1
bear;1
beard;1
beast;1
beat;1
beautiful;1
beauty;1
because;1
become;1
bed;1
bedroom;1
bee;1
beef;1
beer;1
before;1
beg;1
begin;1
beginning;1
behalf;1
behave;1
behavior;1
behavioral;1
behind;1
being;1
belief;1
believe;1
bell;1
belly;1
belong;1
below;1
belt;1
bench;1
bend;1
beneath;1
benefit;1
beside;1
besides;1
best;1
bet;1
better;1
between;1
beyond;1
bias;1
Bible;1
bicycle;1
bid;1
big;1
bike;1
bill;1
billion;1
bind;1
biography;1
biological;1
biology;1
bird;1
birth;1
birthday;1
bishop;1
bit;1
bite;1
bitter;1
black;1
blade;1
blame;1
blank;1
blanket;1
blast;1
blend;1
bless;1
blessing;1
blind;1
blink;1
block;1
blond;1
blood;1
bloody;1
blow;1
blue;1
board;1
boast;1
boat;1
body;1
boil;1
bold;1
bolt;1
bomb;1
bombing;1
bond;1
bone;1
bonus;1
book;1
boom;1
boost;1
boot;1
booth;1
border;1
boring;1
born;1
borrow;1
boss;1
both;1
bother;1
bottle;1
bottom;1
bounce;1
boundary;1
bow;1
bowl;1
box;1
boy;1
boyfriend;1
brain;1
brake;1
branch;1
brand;1
brave;1
bread;1
break;1
breakfast;1
breast;1
breath;1
breathe;1
breathing;1
breeze;1
brick;1
bride;1
bridge;1
brief;1
briefly;1
bright;1
brilliant;1
bring;1
British;1
broad;1
broadcast;1
broken;1
broker;1
bronze;1
brother;1
brown;1
brush;1
brutal;1
bubble;1
buck;1
bucket;1
buddy;1
budget;1
bug;1
build;1
builder;1
building;1
bulb;1
bulk;1
bull;1
bullet;1
bunch;1
burden;1
bureau;1
burn;1
burning;1
burst;1
bury;1
bus;1
bush;1
business;1
businessman;1
busy;1
but;1
butt;1
butter;1
butterfly;1
button;1
buy;1
buyer;1
by;1
cab;1
cabin;1
cabinet;1
cable;1
cage;1
cake;1
calculate;1
calculation;1
calendar;1
call;1
calm;1
camera;1
camp;1
campaign;1
campus;1
can;1
Canadian;1
cancel;1
cancer;1
candidate;1
candle;1
candy;1
canvas;1
cap;1
capability;1
capable;1
capacity;1
capital;1
captain;1
capture;1
car;1
carbohydrate;1
carbon;1
card;1
care;1
career;1
careful;1
carefully;1
cargo;1
carpet;1
carrier;1
carrot;1
carry;1
cart;1
cartoon;1
carve;1
case;1
cash;1
casino;1
cast;1
casual;1
casualty;1
cat;1
catalog;1
catch;1
category;1
Catholic;1
cattle;1
cause;1
cave;1
cease;1
ceiling;1
celebrate;1
celebration;1
celebrity;1
cell;1
cemetery;1
center;1
central;1
century;1
CEO;1
ceremony;1
certain;1
certainly;1
chain;1
chair;1
chairman;1
challenge;1
chamber;1
champion;1
championship;1
chance;1
change;1
changing;1
channel;1
chaos;1
chapter;1
character;1
characteristic;1
characterize;1
charge;1
charity;1
charm;1
chart;1
charter;1
chase;1
cheap;1
cheat;1
check;1
cheek;1
cheer;1
cheese;1
chef;1
chemical;1
chemistry;1
chest;1
chew;1
chicken;1
chief;1
child;1
childhood;1
chill;1
chin;1
Chinese;1
chip;1
chocolate;1
choice;1
cholesterol;1
choose;1
chop;1
Christian;1
Christianity;1
Christmas;1
chronic;1
chunk;1
church;1
cigarette;1
circle;1
circuit;1
circumstance;1
cite;1
citizen;1
citizenship;1
city;1
civic;1
civil;1
civilian;1
civilization;1
claim;1
class;1
classic;1
classical;1
classify;1
classroom;1
clay;1
clean;1
clear;1
clearly;1
clerk;1
click;1
client;1
cliff;1
climate;1
climb;1
cling;1
clinic;1
clinical;1
clip;1
clock;1
close;1
closed;1
closely;1
closer;1
closest;1
closet;1
cloth;1
clothes;1
clothing;1
cloud;1
club;1
clue;1
cluster;1
coach;1
coal;1
coalition;1
coast;1
coastal;1
coat;1
cocaine;1
code;1
coffee;1
cognitive;1
coin;1
cold;1
collaboration;1
collapse;1
collar;1
colleague;1
collect;1
collection;1
collective;1
collector;1
college;1
colonial;1
colony;1
color;1
colorful;1
column;1
columnist;1
combat;1
combination;1
combine;1
combined;1
come;1
comedy;1
comfort;1
comfortable;1
coming;1
command;1
commander;1
comment;1
commercial;1
commission;1
commissioner;1
commit;1
commitment;1
committee;1
commodity;1
common;1
commonly;1
communicate;1
communication;1
community;1
companion;1
company;1
comparable;1
compare;1
comparison;1
compel;1
compelling;1
compensation;1
compete;1
competition;1
competitive;1
competitor;1
complain;1
complaint;1
complete;1
completely;1
complex;1
complexity;1
compliance;1
complicated;1
comply;1
component;1
compose;1
composition;1
compound;1
comprehensive;1
comprise;1
compromise;1
computer;1
concede;1
concentrate;1
concentration;1
concept;1
conception;1
concern;1
concerned;1
concerning;1
concert;1
conclude;1
conclusion;1
concrete;1
condemn;1
condition;1
conduct;1
conference;1
confess;1
confession;1
confidence;1
confident;1
confirm;1
conflict;1
confront;1
confrontation;1
confuse;1
confusion;1
Congress;1
congressional;1
connect;1
connection;1
conscience;1
conscious;1
consciousness;1
consecutive;1
consensus;1
consent;1
consequence;1
consequently;1
conservation;1
conservative;1
consider;1
considerable;1
considerably;1
consideration;1
consist;1
consistent;1
consistently;1
conspiracy;1
constant;1
constantly;1
constitute;1
constitution;1
constitutional;1
constraint;1
construct;1
construction;1
consult;1
consultant;1
consume;1
consumer;1
consumption;1
contact;1
contain;1
container;1
contemplate;1
contemporary;1
contend;1
content;1
contest;1
context;1
continent;1
continue;1
continued;1
continuing;1
continuous;1
contract;1
contractor;1
contrast;1
contribute;1
contribution;1
contributor;1
control;1
controversial;1
controversy;1
convenience;1
convention;1
conventional;1
conversation;1
conversion;1
convert;1
convey;1
convict;1
conviction;1
convince;1
convinced;1
cook;1
cookie;1
cooking;1
cool;1
cooperate;1
cooperation;1
cooperative;1
coordinate;1
coordinator;1
cop;1
cope;1
copy;1
cord;1
core;1
corn;1
corner;1
corporate;1
corporation;1
correct;1
correctly;1
correlation;1
correspondent;1
corridor;1
corruption;1
cost;1
costly;1
costume;1
cottage;1
cotton;1
couch;1
could;1
council;1
counsel;1
counseling;1
counselor;1
count;1
counter;1
counterpart;1
country;1
county;1
coup;1
couple;1
courage;1
course;1
court;1
courtroom;1
cousin;1
cover;1
coverage;1
cow;1
crack;1
craft;1
crash;1
crawl;1
crazy;1
cream;1
create;1
creation;1
creative;1
creativity;1
creature;1
credibility;1
credit;1
crew;1
crime;1
criminal;1
crisis;1
criteria;1
critic;1
critical;1
criticism;1
criticize;1
crop;1
cross;1
crowd;1
crowded;1
crucial;1
cruel;1
cruise;1
crush;1
cry;1
crystal;1
Cuban;1
cue;1
cultural;1
culture;1
cup;1
cure;1
curiosity;1
curious;1
currency;1
current;1
currently;1
curriculum;1
curtain;1
curve;1
custody;1
custom;1
customer;1
cut;1
cute;1
cycle;1
dad;1
daily;1
dam;1
damage;1
damn;1
dance;1
dancer;1
dancing;1
danger;1
dangerous;1
dare;1
dark;1
darkness;1
data;1
database;1
date;1
daughter;1
dawn;1
day;1
dead;1
deadline;1
deadly;1
deal;1
dealer;1
dear;1
death;1
debate;1
debris;1
debt;1
debut;1
decade;1
decent;1
decide;1
decision;1
deck;1
declare;1
decline;1
decorate;1
decrease;1
dedicate;1
deem;1
deep;1
deeply;1
deer;1
defeat;1
defend;1
defendant;1
defender;1
defense;1
defensive;1
deficit;1
define;1
definitely;1
definition;1
degree;1
delay;1
deliberately;1
delicate;1
delight;1
deliver;1
delivery;1
demand;1
democracy;1
Democrat;1
democratic;1
demographic;1
demonstrate;1
demonstration;1
denial;1
dense;1
density;1
deny;1
depart;1
department;1
departure;1
depend;1
dependent;1
depending;1
depict;1
deploy;1
deposit;1
depressed;1
depression;1
depth;1
deputy;1
derive;1
descend;1
describe;1
description;1
desert;1
deserve;1
design;1
designer;1
desire;1
desk;1
desperate;1
desperately;1
despite;1
dessert;1
destination;1
destroy;1
destruction;1
detail;1
detailed;1
detect;1
detective;1
determination;1
determine;1
devastating;1
develop;1
developer;1
developing;1
development;1
developmental;1
device;1
devil;1
devote;1
diabetes;1
diagnose;1
diagnosis;1
dialogue;1
diamond;1
diary;1
dictate;1
die;1
diet;1
differ;1
difference;1
different;1
differently;1
difficult;1
difficulty;1
dig;1
digital;1
dignity;1
dilemma;1
dimension;1
diminish;1
dining;1
dinner;1
dip;1
diplomat;1
diplomatic;1
direct;1
direction;1
directly;1
director;1
dirt;1
dirty;1
disability;1
disabled;1
disagree;1
disappear;1
disappointed;1
disappointment;1
disaster;1
disc;1
discipline;1
disclose;1
discount;1
discourage;1
discourse;1
discover;1
discovery;1
discrimination;1
discuss;1
discussion;1
disease;1
dish;1
disk;1
dismiss;1
disorder;1
display;1
dispute;1
dissolve;1
distance;1
distant;1
distinct;1
distinction;1
distinctive;1
distinguish;1
distract;1
distribute;1
distribution;1
district;1
disturb;1
disturbing;1
diverse;1
diversity;1
divide;1
divine;1
division;1
divorce;1
DNA;1
do;1
dock;1
doctor;1
doctrine;1
document;1
documentary;1
dog;1
doll;1
domain;1
domestic;1
dominant;1
dominate;1
donate;1
donation;1
donor;1
door;1
doorway;1
dose;1
dot;1
double;1
doubt;1
dough;1
down;1
downtown;1
dozen;1
draft;1
drag;1
drain;1
drama;1
dramatic;1
dramatically;1
draw;1
drawer;1
drawing;1
dream;1
dress;1
dried;1
drift;1
drill;1
drink;1
drinking;1
drive;1
driver;1
driveway;1
driving;1
drop;1
drown;1
drug;1
drum;1
drunk;1
dry;1
duck;1
due;1
dumb;1
dump;1
during;1
dust;1
Dutch;1
duty;1
dying;1
dynamic;1
dynamics;1
e-mail;1
each;1
eager;1
ear;1
early;1
earn;1
earnings;1
earth;1
earthquake;1
ease;1
easily;1
east;1
eastern;1
easy;1
eat;1
eating;1
echo;1
ecological;1
economic;1
economically;1
economics;1
economist;1
economy;1
ecosystem;1
edge;1
edit;1
edition;1
editor;1
educate;1
education;1
educational;1
educator;1
effect;1
effective;1
effectively;1
effectiveness;1
efficiency;1
efficient;1
effort;1
egg;1
ego;1
eight;1
eighth;1
either;1
elaborate;1
elbow;1
elder;1
elderly;1
elect;1
election;1
electric;1
electrical;1
electricity;1
electronic;1
electronics;1
elegant;1
element;1
elementary;1
elephant;1
elevator;1
eleven;1
eligible;1
eliminate;1
elite;1
else;1
elsewhere;1
embarrassed;1
embrace;1
emerge;1
emergency;1
emerging;1
emission;1
emotion;1
emotional;1
emotionally;1
emphasis;1
emphasize;1
empire;1
employ;1
employee;1
employer;1
employment;1
empty;1
enable;1
enact;1
encounter;1
encourage;1
encouraging;1
end;1
endless;1
endorse;1
endure;1
enemy;1
energy;1
enforce;1
enforcement;1
engage;1
engagement;1
engine;1
engineer;1
engineering;1
English;1
enhance;1
enjoy;1
enormous;1
enough;1
enroll;1
ensure;1
enter;1
enterprise;1
entertainment;1
enthusiasm;1
entire;1
entirely;1
entitle;1
entity;1
entrance;1
entrepreneur;1
entry;1
envelope;1
environment;1
environmental;1
envision;1
epidemic;1
episode;1
equal;1
equality;1
equally;1
equation;1
equip;1
equipment;1
equity;1
equivalent;1
era;1
error;1
escape;1
especially;1
essay;1
essence;1
essential;1
essentially;1
establish;1
establishment;1
estate;1
estimate;1
estimated;1
etc;1
ethical;1
ethics;1
ethnic;1
European;1
evaluate;1
evaluation;1
even;1
evening;1
event;1
eventually;1
ever;1
every;1
everybody;1
everyday;1
everyone;1
everything;1
everywhere;1
evidence;1
evident;1
evil;1
evolution;1
evolve;1
exact;1
exactly;1
exam;1
examination;1
examine;1
example;1
exceed;1
excellent;1
except;1
exception;1
excessive;1
exchange;1
excited;1
excitement;1
exciting;1
exclude;1
exclusive;1
exclusively;1
excuse;1
execute;1
execution;1
executive;1
exercise;1
exhaust;1
exhibit;1
exhibition;1
exist;1
existence;1
existing;1
exit;1
exotic;1
expand;1
expansion;1
expect;1
expectation;1
expected;1
expedition;1
expense;1
expensive;1
experience;1
experienced;1
experiment;1
experimental;1
expert;1
expertise;1
explain;1
explanation;1
explicit;1
explode;1
exploit;1
exploration;1
explore;1
explosion;1
export;1
expose;1
exposure;1
express;1
expression;1
extend;1
extended;1
extension;1
extensive;1
extent;1
external;1
extra;1
extraordinary;1
extreme;1
extremely;1
eye;1
eyebrow;1
fabric;1
face;1
facilitate;1
facility;1
fact;1
factor;1
factory;1
faculty;1
fade;1
fail;1
failure;1
faint;1
fair;1
fairly;1
faith;1
fall;1
false;1
fame;1
familiar;1
family;1
famous;1
fan;1
fantastic;1
fantasy;1
far;1
fare;1
farm;1
farmer;1
fascinating;1
fashion;1
fast;1
faster;1
fat;1
fatal;1
fate;1
father;1
fatigue;1
fault;1
favor;1
favorable;1
favorite;1
fear;1
feather;1
feature;1
federal;1
fee;1
feed;1
feedback;1
feel;1
feeling;1
fellow;1
female;1
feminist;1
fence;1
festival;1
fever;1
few;1
fewer;1
fiber;1
fiction;1
field;1
fierce;1
fifteen;1
fifth;1
fifty;1
fight;1
fighter;1
fighting;1
figure;1
file;1
fill;1
film;1
filter;1
final;1
finally;1
finance;1
financial;1
find;1
finding;1
fine;1
finger;1
finish;1
fire;1
firm;1
firmly;1
first;1
fiscal;1
fish;1
fisherman;1
fishing;1
fist;1
fit;1
fitness;1
five;1
fix;1
fixed;1
flag;1
flame;1
flash;1
flat;1
flavor;1
flee;1
fleet;1
flesh;1
flexibility;1
flexible;1
flight;1
flip;1
float;1
flood;1
floor;1
flour;1
flow;1
flower;1
fluid;1
fly;1
flying;1
focus;1
fog;1
fold;1
folk;1
follow;1
following;1
food;1
fool;1
foot;1
football;1
for;1
forbid;1
force;1
forehead;1
foreign;1
foreigner;1
forest;1
forever;1
forget;1
forgive;1
fork;1
form;1
formal;1
format;1
formation;1
former;1
formerly;1
formula;1
forth;1
fortunately;1
fortune;1
forty;1
forum;1
forward;1
foster;1
found;1
foundation;1
founder;1
four;1
fourth;1
fraction;1
fragile;1
fragment;1
frame;1
framework;1
franchise;1
frankly;1
fraud;1
free;1
freedom;1
freely;1
freeze;1
French;1
frequency;1
frequent;1
frequently;1
fresh;1
freshman;1
friend;1
friendly;1
friendship;1
from;1
front;1
frontier;1
frown;1
frozen;1
fruit;1
frustrate;1
frustration;1
fucking;1
fuel;1
full;1
full-time;1
fully;1
fun;1
function;1
functional;1
fund;1
fundamental;1
funding;1
funeral;1
funny;1
fur;1
furniture;1
furthermore;1
future;1
gain;1
galaxy;1
gallery;1
game;1
gang;1
gap;1
garage;1
garbage;1
garden;1
garlic;1
gas;1
gasoline;1
gate;1
gather;1
gathering;1
gay;1
gaze;1
gear;1
gender;1
gene;1
general;1
generally;1
generate;1
generation;1
generous;1
genetic;1
genius;1
genre;1
gentle;1
gentleman;1
gently;1
genuine;1
German;1
gesture;1
get;1
ghost;1
giant;1
gift;1
gifted;1
girl;1
girlfriend;1
give;1
given;1
glad;1
glance;1
glass;1
glimpse;1
global;1
globe;1
glory;1
glove;1
go;1
goal;1
goat;1
God;1
gold;1
golden;1
golf;1
good;1
govern;1
government;1
governor;1
grab;1
grace;1
grade;1
gradually;1
graduate;1
graduation;1
grain;1
grand;1
grandchild;1
grandfather;1
grandmother;1
grandparent;1
grant;1
grape;1
grasp;1
grass;1
grateful;1
grave;1
gravity;1
gray;1
great;1
greatest;1
greatly;1
Greek;1
green;1
greet;1
grief;1
grin;1
grip;1
grocery;1
gross;1
ground;1
group;1
grow;1
growing;1
growth;1
guarantee;1
guard;1
guess;1
guest;1
guidance;1
guide;1
guideline;1
guilt;1
guilty;1
guitar;1
gun;1
gut;1
guy;1
gym;1
ha;1
habit;1
habitat;1
hair;1
half;1
halfway;1
hall;1
hallway;1
hand;1
handful;1
handle;1
handsome;1
hang;1
happen;1
happily;1
happiness;1
happy;1
harassment;1
hard;1
hardly;1
hardware;1
harm;1
harmony;1
harsh;1
harvest;1
hat;1
hate;1
haul;1
have;1
hay;1
hazard;1
he;1
head;1
headache;1
headline;1
headquarters;1
heal;1
health;1
health-care;1
healthy;1
hear;1
hearing;1
heart;1
heat;1
heaven;1
heavily;1
heavy;1
heel;1
height;1
helicopter;1
hell;1
hello;1
helmet;1
help;1
helpful;1
hence;1
her;1
herb;1
here;1
heritage;1
hero;1
hers;1
herself;1
hesitate;1
hey;1
hi;1
hidden;1
hide;1
high;1
high-tech;1
highlight;1
highly;1
highway;1
hike;1
hill;1
him;1
himself;1
hint;1
hip;1
hire;1
his;1
Hispanic;1
historian;1
historic;1
historical;1
historically;1
history;1
hit;1
hockey;1
hold;1
hole;1
holiday;1
holy;1
home;1
homeland;1
homeless;1
homework;1
honest;1
honestly;1
honey;1
honor;1
hook;1
hope;1
hopefully;1
horizon;1
hormone;1
horn;1
horrible;1
horror;1
horse;1
hospital;1
host;1
hostage;1
hostile;1
hot;1
hotel;1
hour;1
house;1
household;1
housing;1
how;1
however;1
hug;1
huge;1
huh;1
human;1
humanity;1
humor;1
hundred;1
hunger;1
hungry;1
hunt;1
hunter;1
hunting;1
hurricane;1
hurry;1
hurt;1
husband;1
hypothesis;1
ice;1
icon;1
idea;1
ideal;1
identical;1
identification;1
identify;1
identity;1
ideological;1
ideology;1
ie;1
if;1
ignore;1
ill;1
illegal;1
illness;1
illusion;1
illustrate;1
image;1
imagination;1
imagine;1
immediate;1
immediately;1
immigrant;1
immigration;1
immune;1
impact;1
implement;1
implementation;1
implication;1
imply;1
import;1
importance;1
important;1
importantly;1
impose;1
impossible;1
impress;1
impression;1
impressive;1
improve;1
improved;1
improvement;1
impulse;1
in;1
incentive;1
incident;1
include;1
including;1
income;1
incorporate;1
increase;1
increased;1
increasing;1
increasingly;1
incredible;1
incredibly;1
indeed;1
independence;1
independent;1
index;1
Indian;1
indicate;1
indication;1
indicator;1
indigenous;1
individual;1
industrial;1
industry;1
inevitable;1
inevitably;1
infant;1
infection;1
inflation;1
influence;1
influential;1
inform;1
informal;1
information;1
infrastructure;1
ingredient;1
inherent;1
inherit;1
initial;1
initially;1
initiate;1
initiative;1
injure;1
injury;1
inmate;1
inner;1
innocent;1
innovation;1
innovative;1
input;1
inquiry;1
insect;1
insert;1
inside;1
insight;1
insist;1
inspection;1
inspector;1
inspiration;1
inspire;1
install;1
installation;1
instance;1
instant;1
instantly;1
instead;1
instinct;1
institution;1
institutional;1
instruct;1
instruction;1
instructional;1
instructor;1
instrument;1
insurance;1
intact;1
integrate;1
integrated;1
integration;1
integrity;1
intellectual;1
intelligence;1
intelligent;1
intend;1
intense;1
intensity;1
intent;1
intention;1
interact;1
interaction;1
interest;1
interested;1
interesting;1
interfere;1
interior;1
internal;1
international;1
Internet;1
interpret;1
interpretation;1
interrupt;1
interval;1
intervention;1
interview;1
intimate;1
into;1
introduce;1
introduction;1
invade;1
invasion;1
invent;1
invention;1
inventory;1
invest;1
investigate;1
investigation;1
investigator;1
investment;1
investor;1
invisible;1
invitation;1
invite;1
involve;1
involved;1
involvement;1
Iraqi;1
Irish;1
iron;1
ironically;1
irony;1
Islam;1
Islamic;1
island;1
isolate;1
isolated;1
isolation;1
Israeli;1
issue;1
it;1
Italian;1
item;1
its;1
itself;1
jacket;1
jail;1
Japanese;1
jar;1
jaw;1
jazz;1
jeans;1
jet;1
Jew;1
jewelry;1
Jewish;1
job;1
join;1
joint;1
joke;1
journal;1
journalism;1
journalist;1
journey;1
joy;1
judge;1
judgment;1
judicial;1
juice;1
jump;1
jungle;1
junior;1
jurisdiction;1
juror;1
jury;1
just;1
justice;1
justify;1
keep;1
key;1
kick;1
kid;1
kill;1
killer;1
killing;1
kind;1
king;1
kingdom;1
kiss;1
kit;1
kitchen;1
knee;1
kneel;1
knife;1
knock;1
know;1
knowledge;1
known;1
Korean;1
lab;1
label;1
labor;1
laboratory;1
lack;1
ladder;1
lady;1
lake;1
lamp;1
land;1
landing;1
landmark;1
landscape;1
lane;1
language;1
lap;1
large;1
largely;1
laser;1
last;1
late;1
lately;1
later;1
Latin;1
latter;1
laugh;1
laughter;1
launch;1
laundry;1
law;1
lawmaker;1
lawn;1
lawsuit;1
lawyer;1
lay;1
layer;1
lead;1
leader;1
leadership;1
leading;1
leaf;1
league;1
lean;1
leap;1
learn;1
learning;1
least;1
leather;1
leave;1
lecture;1
left;1
leg;1
legacy;1
legal;1
legally;1
legend;1
legislation;1
legislative;1
legislator;1
legislature;1
legitimate;1
lemon;1
lend;1
length;1
lens;1
less;1
lesson;1
let;1
letter;1
level;1
liability;1
liberal;1
liberty;1
library;1
license;1
lid;1
lie;1
life;1
lifestyle;1
lifetime;1
lift;1
light;1
lighting;1
lightly;1
lightning;1
like;1
likelihood;1
likely;1
likewise;1
limb;1
limit;1
limitation;1
limited;1
line;1
link;1
lion;1
lip;1
liquid;1
list;1
listen;1
listener;1
literally;1
literary;1
literature;1
little;1
live;1
liver;1
living;1
load;1
loan;1
lobby;1
local;1
locate;1
location;1
lock;1
log;1
logic;1
logical;1
lonely;1
long;1
long-term;1
longtime;1
look;1
loop;1
loose;1
lose;1
loss;1
lost;1
lot;1
lots;1
loud;1
love;1
lovely;1
lover;1
low;1
lower;1
loyal;1
loyalty;1
luck;1
lucky;1
lunch;1
lung;1
machine;1
mad;1
magazine;1
magic;1
magnetic;1
magnitude;1
mail;1
main;1
mainly;1
mainstream;1
maintain;1
maintenance;1
major;1
majority;1
make;1
maker;1
makeup;1
male;1
mall;1
man;1
manage;1
management;1
manager;1
managing;1
mandate;1
manipulate;1
manner;1
mansion;1
manual;1
manufacturer;1
manufacturing;1
many;1
map;1
marble;1
march;1
margin;1
marine;1
mark;1
marker;1
market;1
marketing;1
marketplace;1
marriage;1
married;1
marry;1
mask;1
mass;1
massive;1
master;1
match;1
mate;1
material;1
math;1
mathematics;1
matter;1
maximum;1
may;1
maybe;1
mayor;1
me;1
meal;1
mean;1
meaning;1
meaningful;1
meantime;1
meanwhile;1
measure;1
measurement;1
meat;1
mechanic;1
mechanical;1
mechanism;1
medal;1
media;1
medical;1
medication;1
medicine;1
medium;1
meet;1
meeting;1
melt;1
member;1
membership;1
memory;1
mental;1
mentally;1
mention;1
mentor;1
menu;1
merchant;1
mere;1
merely;1
merit;1
mess;1
message;1
metal;1
metaphor;1
meter;1
method;1
metropolitan;1
Mexican;1
middle;1
middle-class;1
midnight;1
midst;1
might;1
migration;1
mild;1
military;1
milk;1
mill;1
million;1
mind;1
mine;1
mineral;1
minimal;1
minimize;1
minimum;1
minister;1
ministry;1
minor;1
minority;1
minute;1
miracle;1
mirror;1
miss;1
missile;1
missing;1
mission;1
missionary;1
mistake;1
mix;1
mixed;1
mixture;1
mm-hmm;1
mobile;1
mode;1
model;1
moderate;1
modern;1
modest;1
modify;1
molecule;1
mom;1
moment;1
momentum;1
money;1
monitor;1
monkey;1
monster;1
month;1
monthly;1
monument;1
mood;1
moon;1
moral;1
more;1
moreover;1
morning;1
mortality;1
mortgage;1
most;1
mostly;1
mother;1
motion;1
motivate;1
motivation;1
motive;1
motor;1
mount;1
mountain;1
mouse;1
mouth;1
move;1
movement;1
movie;1
Mr;1
Mrs;1
Ms;1
much;1
mud;1
multiple;1
municipal;1
murder;1
muscle;1
museum;1
mushroom;1
music;1
musical;1
musician;1
Muslim;1
must;1
mutter;1
mutual;1
my;1
myself;1
mysterious;1
mystery;1
myth;1
n't;1
nail;1
naked;1
name;1
narrative;1
narrow;1
nasty;1
nation;1
national;1
nationwide;1
native;1
natural;1
naturally;1
nature;1
naval;1
near;1
nearby;1
nearly;1
neat;1
necessarily;1
necessary;1
necessity;1
neck;1
need;1
needle;1
negative;1
negotiate;1
negotiation;1
neighbor;1
neighborhood;1
neighboring;1
neither;1
nerve;1
nervous;1
nest;1
net;1
network;1
neutral;1
never;1
nevertheless;1
new;1
newly;1
news;1
newspaper;1
next;1
nice;1
night;1
nightmare;1
nine;1
no;1
nobody;1
nod;1
noise;1
nomination;1
nominee;1
none;1
nonetheless;1
nonprofit;1
noon;1
nor;1
norm;1
normal;1
normally;1
north;1
northeast;1
northern;1
northwest;1
nose;1
not;1
note;1
notebook;1
nothing;1
notice;1
notion;1
novel;1
now;1
nowhere;1
nuclear;1
number;1
numerous;1
nurse;1
nut;1
nutrient;1
o'clock;1
oak;1
object;1
objection;1
objective;1
obligation;1
observation;1
observe;1
observer;1
obstacle;1
obtain;1
obvious;1
obviously;1
occasion;1
occasional;1
occasionally;1
occupation;1
occupy;1
occur;1
ocean;1
odd;1
odds;1
of;1
off;1
offender;1
offense;1
offensive;1
offer;1
offering;1
office;1
officer;1
official;1
officially;1
often;1
oh;1
oil;1
OK;1
ok;1
okay;1
old;1
old-fashioned;1
Olympic;1
Olympics;1
on;1
once;1
one;1
one-third;1
ongoing;1
onion;1
online;1
only;1
onto;1
open;1
opening;1
openly;1
opera;1
operate;1
operating;1
operation;1
operator;1
opinion;1
opponent;1
opportunity;1
oppose;1
opposed;1
opposite;1
opposition;1
opt;1
optimistic;1
option;1
or;1
oral;1
orange;1
orbit;1
order;1
ordinary;1
organ;1
organic;1
organism;1
organization;1
organizational;1
organize;1
organized;1
orientation;1
origin;1
original;1
originally;1
other;1
others;1
otherwise;1
ought;1
our;1
ours;1
ourselves;1
out;1
outcome;1
outdoor;1
outer;1
outfit;1
outlet;1
outline;1
output;1
outside;1
outsider;1
outstanding;1
oven;1
over;1
overall;1
overcome;1
overlook;1
overnight;1
oversee;1
overwhelm;1
overwhelming;1
owe;1
own;1
owner;1
ownership;1
oxygen;1
pace;1
pack;1
package;1
pad;1
page;1
pain;1
painful;1
paint;1
painter;1
painting;1
pair;1
palace;1
pale;1
Palestinian;1
palm;1
pan;1
panel;1
panic;1
pant;1
paper;1
parade;1
parent;1
parental;1
parish;1
park;1
parking;1
part;1
partial;1
partially;1
participant;1
participate;1
participation;1
particle;1
particular;1
particularly;1
partly;1
partner;1
partnership;1
party;1
pass;1
passage;1
passenger;1
passing;1
passion;1
past;1
pasta;1
pastor;1
pat;1
patch;1
patent;1
path;1
patience;1
patient;1
patrol;1
patron;1
pattern;1
pause;1
pay;1
payment;1
PC;1
peace;1
peaceful;1
peak;1
peanut;1
peasant;1
peel;1
peer;1
pen;1
penalty;1
pencil;1
pension;1
people;1
pepper;1
per;1
perceive;1
perceived;1
percentage;1
perception;1
perfect;1
perfectly;1
perform;1
performance;1
performer;1
perhaps;1
period;1
permanent;1
permission;1
permit;1
Persian;1
persist;1
person;1
personal;1
personality;1
personally;1
personnel;1
perspective;1
persuade;1
pet;1
phase;1
phenomenon;1
philosophical;1
philosophy;1
phone;1
photo;1
photograph;1
photographer;1
photography;1
phrase;1
physical;1
physically;1
physician;1
physics;1
piano;1
pick;1
pickup;1
picture;1
pie;1
piece;1
pig;1
pile;1
pill;1
pillow;1
pilot;1
pin;1
pine;1
pink;1
pioneer;1
pipe;1
pistol;1
pit;1
pitch;1
pitcher;1
pizza;1
place;1
placement;1
plain;1
plaintiff;1
plan;1
plane;1
planet;1
planner;1
planning;1
plant;1
plastic;1
plate;1
platform;1
play;1
player;1
playoff;1
plea;1
plead;1
pleasant;1
please;1
pleased;1
pleasure;1
plenty;1
plot;1
plunge;1
plus;1
PM;1
pocket;1
poem;1
poet;1
poetry;1
point;1
poke;1
pole;1
police;1
policeman;1
policy;1
political;1
politically;1
politician;1
politics;1
poll;1
pollution;1
pond;1
pool;1
poor;1
pop;1
popular;1
popularity;1
population;1
porch;1
pork;1
port;1
portfolio;1
portion;1
portrait;1
portray;1
pose;1
position;1
positive;1
possess;1
possession;1
possibility;1
possible;1
possibly;1
post;1
poster;1
pot;1
potato;1
potential;1
potentially;1
pound;1
pour;1
poverty;1
powder;1
power;1
powerful;1
practical;1
practically;1
practice;1
practitioner;1
praise;1
pray;1
prayer;1
preach;1
precious;1
precise;1
precisely;1
predator;1
predict;1
prediction;1
prefer;1
preference;1
pregnancy;1
pregnant;1
preliminary;1
premise;1
premium;1
preparation;1
prepare;1
prescription;1
presence;1
present;1
presentation;1
preserve;1
presidency;1
president;1
presidential;1
press;1
pressure;1
presumably;1
pretend;1
pretty;1
prevail;1
prevent;1
prevention;1
previous;1
previously;1
price;1
pride;1
priest;1
primarily;1
primary;1
prime;1
principal;1
principle;1
print;1
prior;1
priority;1
prison;1
prisoner;1
privacy;1
private;1
privately;1
privilege;1
prize;1
pro;1
probably;1
problem;1
procedure;1
proceed;1
process;1
processing;1
processor;1
proclaim;1
produce;1
producer;1
product;1
production;1
productive;1
productivity;1
profession;1
professional;1
professor;1
profile;1
profit;1
profound;1
program;1
programming;1
progress;1
progressive;1
prohibit;1
project;1
projection;1
prominent;1
promise;1
promising;1
promote;1
promotion;1
prompt;1
proof;1
proper;1
properly;1
property;1
proportion;1
proposal;1
propose;1
proposed;1
prosecution;1
prosecutor;1
prospect;1
protect;1
protection;1
protective;1
protein;1
protest;1
protocol;1
proud;1
prove;1
provide;1
provided;1
provider;1
province;1
provision;1
provoke;1
psychological;1
psychologist;1
psychology;1
public;1
publication;1
publicity;1
publicly;1
publish;1
publisher;1
pull;1
pulse;1
pump;1
punch;1
punish;1
punishment;1
purchase;1
pure;1
purple;1
purpose;1
purse;1
pursue;1
pursuit;1
push;1
put;1
puzzle;1
qualify;1
quality;1
quantity;1
quarter;1
quarterback;1
queen;1
quest;1
question;1
questionnaire;1
quick;1
quickly;1
quiet;1
quietly;1
quit;1
quite;1
quote;1
rabbit;1
race;1
racial;1
racism;1
rack;1
radar;1
radiation;1
radical;1
radio;1
rage;1
rail;1
railroad;1
rain;1
raise;1
rally;1
ranch;1
random;1
range;1
rank;1
rape;1
rapid;1
rapidly;1
rare;1
rarely;1
rat;1
rate;1
rather;1
rating;1
ratio;1
rational;1
raw;1
re;1
reach;1
react;1
reaction;1
read;1
reader;1
readily;1
reading;1
ready;1
real;1
realistic;1
reality;1
realize;1
really;1
realm;1
rear;1
reason;1
reasonable;1
rebel;1
rebuild;1
recall;1
receive;1
receiver;1
recent;1
recently;1
reception;1
recession;1
recipe;1
recipient;1
recognition;1
recognize;1
recommend;1
recommendation;1
record;1
recording;1
recover;1
recovery;1
recruit;1
red;1
reduce;1
reduction;1
refer;1
reference;1
reflect;1
reflection;1
reform;1
refrigerator;1
refuge;1
refugee;1
refuse;1
regain;1
regard;1
regarding;1
regardless;1
regime;1
region;1
regional;1
register;1
regret;1
regular;1
regularly;1
regulate;1
regulation;1
regulator;1
regulatory;1
rehabilitation;1
reinforce;1
reject;1
relate;1
related;1
relation;1
relationship;1
relative;1
relatively;1
relax;1
release;1
relevant;1
reliability;1
reliable;1
relief;1
relieve;1
religion;1
religious;1
reluctant;1
rely;1
remain;1
remaining;1
remark;1
remarkable;1
remember;1
remind;1
reminder;1
remote;1
removal;1
remove;1
render;1
rent;1
rental;1
repair;1
repeat;1
repeatedly;1
replace;1
replacement;1
reply;1
report;1
reportedly;1
reporter;1
reporting;1
represent;1
representation;1
representative;1
republic;1
Republican;1
republican;1
reputation;1
request;1
require;1
required;1
requirement;1
rescue;1
research;1
researcher;1
resemble;1
reservation;1
reserve;1
residence;1
resident;1
residential;1
resign;1
resist;1
resistance;1
resolution;1
resolve;1
resort;1
resource;1
respect;1
respectively;1
respond;1
respondent;1
response;1
responsibility;1
responsible;1
rest;1
restaurant;1
restore;1
restrict;1
restriction;1
result;1
resume;1
retail;1
retailer;1
retain;1
retire;1
retired;1
retirement;1
retreat;1
return;1
reveal;1
revelation;1
revenue;1
reverse;1
review;1
revolution;1
revolutionary;1
reward;1
rhetoric;1
rhythm;1
rib;1
ribbon;1
rice;1
rich;1
rid;1
ride;1
rider;1
ridge;1
ridiculous;1
rifle;1
right;1
rim;1
ring;1
riot;1
rip;1
rise;1
risk;1
risky;1
ritual;1
rival;1
river;1
road;1
robot;1
rock;1
rocket;1
rod;1
role;1
roll;1
rolling;1
Roman;1
romance;1
romantic;1
roof;1
room;1
root;1
rope;1
rose;1
rough;1
roughly;1
round;1
route;1
routine;1
routinely;1
row;1
royal;1
rub;1
rubber;1
ruin;1
rule;1
ruling;1
rumor;1
run;1
runner;1
running;1
rural;1
rush;1
Russian;1
sack;1
sacred;1
sacrifice;1
sad;1
safe;1
safely;1
safety;1
sail;1
sake;1
salad;1
salary;1
sale;1
sales;1
salmon;1
salt;1
same;1
sample;1
sanction;1
sand;1
sandwich;1
satellite;1
satisfaction;1
satisfy;1
sauce;1
save;1
saving;1
say;1
scale;1
scan;1
scandal;1
scare;1
scared;1
scary;1
scatter;1
scenario;1
scene;1
scent;1
schedule;1
scheme;1
scholar;1
scholarship;1
school;1
science;1
scientific;1
scientist;1
scope;1
score;1
scramble;1
scratch;1
scream;1
screen;1
screening;1
screw;1
script;1
sculpture;1
sea;1
seal;1
search;1
season;1
seat;1
second;1
secondary;1
secret;1
secretary;1
section;1
sector;1
secular;1
secure;1
security;1
see;1
seed;1
seek;1
seem;1
seemingly;1
segment;1
seize;1
seldom;1
select;1
selected;1
selection;1
self;1
self-esteem;1
sell;1
seller;1
seminar;1
Senate;1
senator;1
send;1
senior;1
sensation;1
sense;1
sensitive;1
sensitivity;1
sensor;1
sentence;1
sentiment;1
separate;1
separation;1
sequence;1
series;1
serious;1
seriously;1
servant;1
serve;1
service;1
serving;1
session;1
set;1
setting;1
settle;1
settlement;1
seven;1
seventh;1
several;1
severe;1
severely;1
sex;1
sexual;1
sexuality;1
sexually;1
sexy;1
shade;1
shadow;1
shake;1
shall;1
shallow;1
shame;1
shape;1
share;1
shared;1
shareholder;1
shark;1
sharp;1
sharply;1
she;1
shed;1
sheep;1
sheer;1
sheet;1
shelf;1
shell;1
shelter;1
shift;1
shine;1
ship;1
shirt;1
shit;1
shock;1
shoe;1
shoot;1
shooting;1
shop;1
shopping;1
shore;1
short;1
short-term;1
shortage;1
shortly;1
shorts;1
shot;1
should;1
shoulder;1
shout;1
shove;1
show;1
shower;1
shrimp;1
shrink;1
shrug;1
shut;1
shuttle;1
shy;1
sibling;1
sick;1
side;1
sidewalk;1
sigh;1
sight;1
sign;1
signal;1
signature;1
significance;1
significant;1
significantly;1
silence;1
silent;1
silk;1
silly;1
silver;1
similar;1
similarity;1
similarly;1
simple;1
simply;1
simultaneously;1
sin;1
since;1
sing;1
singer;1
single;1
sink;1
sir;1
sister;1
sit;1
site;1
situation;1
six;1
sixth;1
size;1
ski;1
skill;1
skilled;1
skin;1
skip;1
skirt;1
skull;1
sky;1
slam;1
slap;1
slave;1
slavery;1
sleep;1
sleeve;1
slice;1
slide;1
slight;1
slightly;1
slip;1
slope;1
slot;1
slow;1
slowly;1
small;1
smart;1
smell;1
smile;1
smoke;1
smooth;1
snake;1
snap;1
sneak;1
snow;1
so;1
so-called;1
soak;1
soap;1
soar;1
soccer;1
social;1
socially;1
society;1
sock;1
sodium;1
sofa;1
soft;1
soften;1
softly;1
software;1
soil;1
solar;1
soldier;1
sole;1
solely;1
solid;1
solution;1
solve;1
some;1
somebody;1
someday;1
somehow;1
someone;1
something;1
sometime;1
sometimes;1
somewhat;1
somewhere;1
son;1
song;1
soon;1
sophisticated;1
sorry;1
sort;1
soul;1
sound;1
soup;1
source;1
south;1
southeast;1
southern;1
southwest;1
sovereignty;1
Soviet;1
space;1
Spanish;1
spare;1
spark;1
speak;1
speaker;1
special;1
specialist;1
specialize;1
specialty;1
species;1
specific;1
specifically;1
specify;1
spectacular;1
spectrum;1
speculate;1
speculation;1
speech;1
speed;1
spell;1
spend;1
spending;1
sphere;1
spill;1
spin;1
spine;1
spirit;1
spiritual;1
spit;1
spite;1
split;1
spokesman;1
sponsor;1
spoon;1
sport;1
spot;1
spouse;1
spray;1
spread;1
spring;1
sprinkle;1
spy;1
squad;1
square;1
squeeze;1
stability;1
stable;1
stack;1
stadium;1
staff;1
stage;1
stair;1
stake;1
stance;1
stand;1
standard;1
standing;1
star;1
stare;1
start;1
starter;1
starting;1
state;1
statement;1
station;1
statistical;1
statistics;1
statue;1
status;1
statute;1
stay;1
steadily;1
steady;1
steak;1
steal;1
steam;1
steel;1
steep;1
steer;1
stem;1
step;1
stereotype;1
stick;1
stiff;1
still;1
stimulate;1
stimulus;1
stir;1
stock;1
stomach;1
stone;1
stop;1
storage;1
store;1
storm;1
story;1
stove;1
straight;1
straighten;1
strain;1
strange;1
stranger;1
strategic;1
strategy;1
straw;1
streak;1
stream;1
street;1
strength;1
strengthen;1
stress;1
stretch;1
strict;1
strictly;1
strike;1
striking;1
string;1
strip;1
stroke;1
strong;1
strongly;1
structural;1
structure;1
struggle;1
student;1
studio;1
study;1
stuff;1
stumble;1
stupid;1
style;1
subject;1
submit;1
subsequent;1
subsidy;1
substance;1
substantial;1
substantially;1
subtle;1
suburb;1
suburban;1
succeed;1
success;1
successful;1
successfully;1
such;1
suck;1
sudden;1
suddenly;1
sue;1
suffer;1
suffering;1
sufficient;1
sugar;1
suggest;1
suggestion;1
suicide;1
suit;1
suitable;1
suite;1
sum;1
summary;1
summer;1
summit;1
sun;1
sunlight;1
sunny;1
super;1
superior;1
supermarket;1
supervisor;1
supplier;1
supply;1
support;1
supporter;1
supportive;1
suppose;1
supposed;1
supposedly;1
Supreme;1
sure;1
surely;1
surface;1
surgeon;1
surgery;1
surprise;1
surprised;1
surprising;1
surprisingly;1
surround;1
surrounding;1
surveillance;1
survey;1
survival;1
survive;1
survivor;1
suspect;1
suspend;1
suspicion;1
suspicious;1
sustain;1
sustainable;1
swallow;1
swear;1
sweat;1
sweater;1
sweep;1
sweet;1
swell;1
swim;1
swimming;1
swing;1
switch;1
sword;1
symbol;1
symbolic;1
sympathy;1
symptom;1
syndrome;1
system;1
T-shirt;1
table;1
tablespoon;1
tackle;1
tactic;1
tag;1
tail;1
take;1
tale;1
talent;1
talented;1
talk;1
tall;1
tank;1
tap;1
tape;1
target;1
task;1
taste;1
tax;1
taxpayer;1
tea;1
teach;1
teacher;1
teaching;1
team;1
teammate;1
tear;1
teaspoon;1
technical;1
technician;1
technique;1
technological;1
technology;1
teen;1
teenage;1
teenager;1
telephone;1
telescope;1
television;1
tell;1
temperature;1
temple;1
temporary;1
ten;1
tend;1
tendency;1
tender;1
tennis;1
tension;1
tent;1
term;1
terms;1
terrain;1
terrible;1
terribly;1
terrific;1
territory;1
terror;1
terrorism;1
terrorist;1
test;1
testify;1
testimony;1
testing;1
text;1
textbook;1
texture;1
than;1
thank;1
thanks;1
Thanksgiving;1
that;1
theater;1
their;1
them;1
theme;1
themselves;1
then;1
theological;1
theology;1
theoretical;1
theory;1
therapist;1
therapy;1
there;1
thereby;1
therefore;1
these;1
they;1
thick;1
thigh;1
thin;1
thing;1
think;1
thinking;1
third;1
thirty;1
this;1
thoroughly;1
those;1
though;1
thought;1
thousand;1
thread;1
threat;1
threaten;1
three;1
threshold;1
thrive;1
throat;1
through;1
throughout;1
throw;1
thumb;1
thus;1
ticket;1
tide;1
tie;1
tight;1
tighten;1
tightly;1
tile;1
till;1
timber;1
time;1
timing;1
tiny;1
tip;1
tire;1
tired;1
tissue;1
title;1
to;1
tobacco;1
today;1
toe;1
together;1
toilet;1
tolerance;1
tolerate;1
toll;1
tomato;1
tomorrow;1
tone;1
tongue;1
tonight;1
too;1
tool;1
tooth;1
top;1
topic;1
toss;1
total;1
totally;1
touch;1
touchdown;1
tough;1
tour;1
tourism;1
tourist;1
tournament;1
toward;1
towards;1
towel;1
tower;1
town;1
toxic;1
toy;1
trace;1
track;1
trade;1
trading;1
tradition;1
traditional;1
traditionally;1
traffic;1
tragedy;1
tragic;1
trail;1
trailer;1
train;1
trainer;1
training;1
trait;1
transaction;1
transfer;1
transform;1
transformation;1
transit;1
transition;1
translate;1
translation;1
transmission;1
transmit;1
transport;1
transportation;1
trap;1
trash;1
trauma;1
travel;1
traveler;1
tray;1
treasure;1
treat;1
treatment;1
treaty;1
tree;1
tremendous;1
trend;1
trial;1
tribal;1
tribe;1
trick;1
trigger;1
trim;1
trip;1
triumph;1
troop;1
tropical;1
trouble;1
troubled;1
truck;1
true;1
truly;1
trunk;1
trust;1
truth;1
try;1
tube;1
tuck;1
tumor;1
tune;1
tunnel;1
turkey;1
turn;1
TV;1
twelve;1
twentieth;1
twenty;1
twice;1
twin;1
twist;1
two;1
two-thirds;1
type;1
typical;1
typically;1
ugly;1
uh;1
ultimate;1
ultimately;1
unable;1
uncertain;1
uncertainty;1
uncle;1
uncomfortable;1
uncover;1
under;1
undergo;1
undergraduate;1
underlying;1
undermine;1
understand;1
understanding;1
undertake;1
unemployment;1
unexpected;1
unfair;1
unfold;1
unfortunately;1
unhappy;1
uniform;1
union;1
unique;1
unit;1
unite;1
United;1
unity;1
universal;1
universe;1
university;1
unknown;1
unless;1
unlike;1
unlikely;1
unprecedented;1
until;1
unusual;1
up;1
update;1
upon;1
upper;1
upset;1
upstairs;1
urban;1
urge;1
us;1
use;1
used;1
useful;1
user;1
usual;1
usually;1
utility;1
utilize;1
vacation;1
vaccine;1
vacuum;1
valid;1
validity;1
valley;1
valuable;1
value;1
van;1
vanish;1
variable;1
variation;1
variety;1
various;1
vary;1
vast;1
vegetable;1
vehicle;1
vendor;1
venture;1
verbal;1
verdict;1
version;1
versus;1
vertical;1
very;1
vessel;1
veteran;1
via;1
victim;1
victory;1
video;1
view;1
viewer;1
village;1
violate;1
violation;1
violence;1
violent;1
virtual;1
virtually;1
virtue;1
virus;1
visible;1
vision;1
visit;1
visitor;1
visual;1
vital;1
vitamin;1
vocal;1
voice;1
volume;1
voluntary;1
volunteer;1
vote;1
voter;1
voting;1
vs;1
vulnerable;1
wage;1
wagon;1
waist;1
wait;1
wake;1
walk;1
walking;1
wall;1
wander;1
want;1
war;1
warehouse;1
warm;1
warmth;1
warn;1
warning;1
warrior;1
wash;1
waste;1
watch;1
water;1
wave;1
way;1
we;1
weak;1
weaken;1
weakness;1
wealth;1
wealthy;1
weapon;1
wear;1
weather;1
weave;1
web;1
wedding;1
weed;1
week;1
weekend;1
weekly;1
weigh;1
weight;1
weird;1
welcome;1
welfare;1
well;1
well-being;1
well-known;1
west;1
western;1
wet;1
whale;1
what;1
whatever;1
wheat;1
wheel;1
wheelchair;1
when;1
whenever;1
where;1
whereas;1
wherever;1
whether;1
which;1
while;1
whip;1
whisper;1
white;1
who;1
whoever;1
whole;1
whom;1
whose;1
why;1
wide;1
widely;1
widespread;1
widow;1
wife;1
wild;1
wilderness;1
wildlife;1
will;1
willing;1
willingness;1
win;1
wind;1
window;1
wine;1
wing;1
winner;1
winter;1
wipe;1
wire;1
wisdom;1
wise;1
wish;1
with;1
withdraw;1
withdrawal;1
within;1
without;1
witness;1
wolf;1
woman;1
wonder;1
wonderful;1
wood;1
wooden;1
word;1
work;1
worker;1
working;1
workout;1
workplace;1
works;1
workshop;1
world;1
worldwide;1
worried;1
worry;1
worth;1
would;1
wound;1
wow;1
wrap;1
wrist;1
write;1
writer;1
writing;1
written;1
wrong;1
yard;1
yeah;1
year;1
yell;1
yellow;1
yes;1
yesterday;1
yet;1
yield;1
you;1
young;1
youngster;1
your;1
yours;1
yourself;1
youth;1
zone;1